/*******************************************************************************
 * Size: 18 px
 * Bpp: 4
 * Opts: --font DejaVuSansMono.ttf --size 18 --bpp 4 --format lvgl --no-compress --no-kerning --lv-include lvgl.h -r 0x20-0x7E -r 0xA0-0xFF -r 0x391-0x3A9 -r 0x3B1-0x3C9 -r 0x2010-0x2027 -r 0x2030-0x203A -r 0x20AC -r 0x2122 -r 0x2190-0x2199 -r 0x21B5 -r 0x2219-0x221E -r 0x2248 -r 0x2260-0x2265 -r 0x2302 -r 0x2571-0x2573 -r 0x25A0-0x25FF -r 0x2713-0x2718 -r 0xFFFD -o font_term_mono_18.c
 *
 * Tab5 SSH terminal font (term_view.cpp): DejaVu Sans Mono, every glyph 11 px wide, so the
 * screen is an exact grid. Generated with lv_font_conv 1.5.2 (options above), then the
 * descriptor below matched to LVGL 9 (no glyph cache, static bitmaps). Box drawing and block
 * characters are drawn as lines and rectangles by term_view.cpp, so they join seamlessly.
 * DejaVu fonts: Copyright (c) 2003 Bitstream, Inc. (Bitstream Vera license), DejaVu changes
 * in the public domain - free to embed and redistribute.
 ******************************************************************************/

#ifdef LV_LVGL_H_INCLUDE_SIMPLE
#include "lvgl.h"
#else
#include "lvgl.h"
#endif

#ifndef FONT_TERM_MONO_18
#define FONT_TERM_MONO_18 1
#endif

#if FONT_TERM_MONO_18

/*-----------------
 *    BITMAPS
 *----------------*/

/*Store the image of the glyphs*/
static LV_ATTRIBUTE_LARGE_CONST const uint8_t glyph_bitmap[] = {
    /* U+0020 " " */

    /* U+0021 "!" */
    0x7f, 0x57, 0xf5, 0x7f, 0x57, 0xf5, 0x7f, 0x57,
    0xf4, 0x6f, 0x45, 0xf3, 0x4d, 0x20, 0x0, 0x13,
    0x17, 0xf5, 0x7f, 0x50,

    /* U+0022 "\"" */
    0xf, 0x80, 0xad, 0xf, 0x80, 0xad, 0xf, 0x80,
    0xad, 0xf, 0x80, 0xad, 0xd, 0x60, 0x8b,

    /* U+0023 "#" */
    0x0, 0x0, 0x8e, 0x0, 0xf7, 0x0, 0x0, 0xb,
    0xa0, 0x2f, 0x30, 0x0, 0x0, 0xf6, 0x6, 0xf0,
    0x0, 0x11, 0x4f, 0x41, 0xac, 0x10, 0xf, 0xff,
    0xff, 0xff, 0xff, 0xc0, 0x44, 0xcc, 0x46, 0xf6,
    0x43, 0x0, 0xf, 0x60, 0x6f, 0x0, 0x0, 0x14,
    0xf3, 0x1b, 0xb1, 0x0, 0xff, 0xff, 0xff, 0xff,
    0xfc, 0x3, 0x4d, 0xb4, 0x6f, 0x54, 0x30, 0x0,
    0xf6, 0x7, 0xe0, 0x0, 0x0, 0x4f, 0x20, 0xbb,
    0x0, 0x0, 0x8, 0xe0, 0xe, 0x70, 0x0, 0x0,

    /* U+0024 "$" */
    0x0, 0x0, 0xc1, 0x0, 0x0, 0x0, 0xc, 0x10,
    0x0, 0x0, 0x0, 0xc1, 0x0, 0x0, 0x19, 0xef,
    0xfd, 0x90, 0xd, 0xd5, 0xd5, 0x6b, 0x3, 0xf5,
    0xc, 0x10, 0x0, 0x3f, 0x60, 0xc1, 0x0, 0x0,
    0xcf, 0x9e, 0x30, 0x0, 0x0, 0x7d, 0xff, 0xd5,
    0x0, 0x0, 0xc, 0x5b, 0xf5, 0x0, 0x0, 0xc1,
    0xf, 0xb1, 0x0, 0xc, 0x10, 0xfb, 0x5e, 0x85,
    0xd6, 0xbf, 0x41, 0x7c, 0xef, 0xfc, 0x40, 0x0,
    0x0, 0xc1, 0x0, 0x0, 0x0, 0xc, 0x10, 0x0,
    0x0, 0x0, 0x60, 0x0, 0x0,

    /* U+0025 "%" */
    0x7, 0xee, 0x90, 0x0, 0x0, 0x6, 0xe5, 0x4d,
    0x90, 0x0, 0x0, 0xa8, 0x0, 0x5d, 0x0, 0x0,
    0x7, 0xd1, 0x1b, 0xa0, 0x0, 0x30, 0xa, 0xff,
    0xc1, 0x39, 0xda, 0x10, 0x1, 0x59, 0xda, 0x50,
    0x0, 0x18, 0xdb, 0x51, 0xaf, 0xd4, 0x0, 0x50,
    0x0, 0xac, 0x47, 0xf2, 0x0, 0x0, 0xf, 0x30,
    0xc, 0x70, 0x0, 0x0, 0xf3, 0x0, 0xc7, 0x0,
    0x0, 0xa, 0xc3, 0x7f, 0x20, 0x0, 0x0, 0x1a,
    0xfd, 0x40,

    /* U+0026 "&" */
    0x0, 0x8, 0xef, 0xd7, 0x0, 0x0, 0x9, 0xf8,
    0x68, 0x90, 0x0, 0x0, 0xdb, 0x0, 0x0, 0x0,
    0x0, 0xc, 0xd0, 0x0, 0x0, 0x0, 0x0, 0x6f,
    0x50, 0x0, 0x0, 0x0, 0x8, 0xff, 0x20, 0x0,
    0x0, 0x8, 0xd1, 0xcd, 0x0, 0x8, 0x52, 0xf4,
    0x2, 0xfa, 0x0, 0xe7, 0x6f, 0x10, 0x5, 0xf7,
    0xf, 0x57, 0xf3, 0x0, 0x9, 0xf9, 0xf1, 0x3f,
    0xb0, 0x0, 0xd, 0xf7, 0x0, 0x9f, 0xc7, 0x6a,
    0xff, 0xb0, 0x0, 0x6c, 0xff, 0xb4, 0x6f, 0x60,

    /* U+0027 "'" */
    0x5f, 0x25, 0xf2, 0x5f, 0x25, 0xf2, 0x4d, 0x20,

    /* U+0028 "(" */
    0x0, 0xe, 0x80, 0x7, 0xf1, 0x0, 0xe9, 0x0,
    0x6f, 0x30, 0xb, 0xe0, 0x0, 0xfb, 0x0, 0x2f,
    0x80, 0x3, 0xf7, 0x0, 0x3f, 0x70, 0x2, 0xf8,
    0x0, 0xf, 0xb0, 0x0, 0xbe, 0x0, 0x6, 0xf3,
    0x0, 0xe, 0x90, 0x0, 0x7f, 0x10, 0x0, 0xe8,

    /* U+0029 ")" */
    0xab, 0x0, 0x2, 0xf5, 0x0, 0xb, 0xc0, 0x0,
    0x6f, 0x30, 0x1, 0xf8, 0x0, 0xe, 0xc0, 0x0,
    0xbf, 0x0, 0xa, 0xf0, 0x0, 0xaf, 0x0, 0xb,
    0xf0, 0x0, 0xec, 0x0, 0x1f, 0x80, 0x6, 0xf3,
    0x0, 0xcc, 0x0, 0x3f, 0x50, 0xb, 0xb0, 0x0,

    /* U+002A "*" */
    0x0, 0x1, 0xe0, 0x0, 0x1, 0x20, 0x1e, 0x0,
    0x30, 0x3e, 0x82, 0xe1, 0xad, 0x20, 0x7, 0xef,
    0xd6, 0x0, 0x0, 0x5d, 0xfc, 0x30, 0x3, 0xcb,
    0x3e, 0x3c, 0xb1, 0x24, 0x1, 0xe0, 0x6, 0x0,
    0x0, 0x1e, 0x0, 0x0, 0x0, 0x0, 0x20, 0x0,
    0x0,

    /* U+002B "+" */
    0x0, 0x0, 0x13, 0x0, 0x0, 0x0, 0x0, 0x5,
    0xf2, 0x0, 0x0, 0x0, 0x0, 0x5f, 0x20, 0x0,
    0x0, 0x0, 0x5, 0xf2, 0x0, 0x0, 0x2, 0x22,
    0x6f, 0x42, 0x22, 0x3, 0xff, 0xff, 0xff, 0xff,
    0xf1, 0x15, 0x55, 0x8f, 0x65, 0x55, 0x0, 0x0,
    0x5, 0xf2, 0x0, 0x0, 0x0, 0x0, 0x5f, 0x20,
    0x0, 0x0, 0x0, 0x5, 0xf2, 0x0, 0x0,

    /* U+002C "," */
    0x1, 0x21, 0x9, 0xfa, 0x9, 0xf9, 0xd, 0xf3,
    0x1f, 0xa0, 0x5f, 0x20,

    /* U+002D "-" */
    0x12, 0x22, 0x1e, 0xff, 0xfb, 0x45, 0x55, 0x30,

    /* U+002E "." */
    0x7a, 0x5b, 0xf8, 0xbf, 0x80,

    /* U+002F "/" */
    0x0, 0x0, 0x0, 0x6, 0xf3, 0x0, 0x0, 0x0,
    0xe, 0xc0, 0x0, 0x0, 0x0, 0x6f, 0x40, 0x0,
    0x0, 0x0, 0xdd, 0x0, 0x0, 0x0, 0x5, 0xf5,
    0x0, 0x0, 0x0, 0xd, 0xd0, 0x0, 0x0, 0x0,
    0x4f, 0x60, 0x0, 0x0, 0x0, 0xce, 0x0, 0x0,
    0x0, 0x3, 0xf6, 0x0, 0x0, 0x0, 0xb, 0xe0,
    0x0, 0x0, 0x0, 0x3f, 0x70, 0x0, 0x0, 0x0,
    0xaf, 0x0, 0x0, 0x0, 0x2, 0xf8, 0x0, 0x0,
    0x0, 0xa, 0xf1, 0x0, 0x0, 0x0, 0x7, 0x50,
    0x0, 0x0, 0x0,

    /* U+0030 "0" */
    0x0, 0x8e, 0xfd, 0x60, 0x0, 0xaf, 0xa6, 0xbf,
    0x70, 0x2f, 0xa0, 0x0, 0xdf, 0x8, 0xf4, 0x0,
    0x7, 0xf5, 0xbf, 0x10, 0x0, 0x3f, 0x8c, 0xf0,
    0x7f, 0x42, 0xfa, 0xdf, 0xa, 0xf7, 0x1f, 0xac,
    0xf0, 0x14, 0x2, 0xfa, 0xbf, 0x10, 0x0, 0x3f,
    0x88, 0xf4, 0x0, 0x7, 0xf5, 0x2f, 0xa0, 0x0,
    0xdf, 0x0, 0xaf, 0xa6, 0xbf, 0x70, 0x0, 0x8e,
    0xfd, 0x60, 0x0,

    /* U+0031 "1" */
    0x6a, 0xdf, 0xe0, 0x0, 0xdf, 0xbf, 0xe0, 0x0,
    0x20, 0xd, 0xe0, 0x0, 0x0, 0xd, 0xe0, 0x0,
    0x0, 0xd, 0xe0, 0x0, 0x0, 0xd, 0xe0, 0x0,
    0x0, 0xd, 0xe0, 0x0, 0x0, 0xd, 0xe0, 0x0,
    0x0, 0xd, 0xe0, 0x0, 0x0, 0xd, 0xe0, 0x0,
    0x0, 0xd, 0xe0, 0x0, 0x47, 0x7e, 0xf7, 0x74,
    0xaf, 0xff, 0xff, 0xf9,

    /* U+0032 "2" */
    0x28, 0xcf, 0xec, 0x40, 0x9, 0xfb, 0x89, 0xef,
    0x70, 0x41, 0x0, 0x1, 0xef, 0x0, 0x0, 0x0,
    0xa, 0xf3, 0x0, 0x0, 0x0, 0xbf, 0x10, 0x0,
    0x0, 0x3f, 0xa0, 0x0, 0x0, 0xd, 0xe1, 0x0,
    0x0, 0xc, 0xf3, 0x0, 0x0, 0xb, 0xf3, 0x0,
    0x0, 0xa, 0xf4, 0x0, 0x0, 0xa, 0xf4, 0x0,
    0x0, 0x8, 0xfc, 0x77, 0x77, 0x72, 0xaf, 0xff,
    0xff, 0xff, 0x50,

    /* U+0033 "3" */
    0x3a, 0xdf, 0xec, 0x50, 0x6, 0xd9, 0x88, 0xdf,
    0x80, 0x0, 0x0, 0x0, 0xcf, 0x0, 0x0, 0x0,
    0xa, 0xf2, 0x0, 0x12, 0x37, 0xfd, 0x0, 0x8,
    0xff, 0xfc, 0x20, 0x0, 0x25, 0x6b, 0xa1, 0x0,
    0x0, 0x0, 0xb, 0xe0, 0x0, 0x0, 0x0, 0x5f,
    0x50, 0x0, 0x0, 0x6, 0xf7, 0x30, 0x0, 0x0,
    0xcf, 0x4c, 0xea, 0x89, 0xef, 0xb0, 0x5b, 0xef,
    0xec, 0x60, 0x0,

    /* U+0034 "4" */
    0x0, 0x0, 0x2, 0xff, 0x30, 0x0, 0x0, 0xb,
    0xff, 0x30, 0x0, 0x0, 0x5e, 0x9f, 0x30, 0x0,
    0x0, 0xe6, 0x8f, 0x30, 0x0, 0x9, 0xd0, 0x8f,
    0x30, 0x0, 0x3f, 0x40, 0x8f, 0x30, 0x0, 0xcb,
    0x0, 0x8f, 0x30, 0x6, 0xf2, 0x0, 0x8f, 0x30,
    0xe, 0xa1, 0x11, 0x9f, 0x51, 0x1f, 0xff, 0xff,
    0xff, 0xff, 0x4, 0x44, 0x44, 0xaf, 0x74, 0x0,
    0x0, 0x0, 0x8f, 0x30, 0x0, 0x0, 0x0, 0x8f,
    0x30,

    /* U+0035 "5" */
    0x3f, 0xff, 0xff, 0xf7, 0x3, 0xfb, 0x77, 0x77,
    0x30, 0x3f, 0x70, 0x0, 0x0, 0x3, 0xf7, 0x11,
    0x0, 0x0, 0x3f, 0xff, 0xfe, 0x60, 0x2, 0xb7,
    0x57, 0xef, 0x70, 0x0, 0x0, 0x1, 0xef, 0x10,
    0x0, 0x0, 0x8, 0xf4, 0x0, 0x0, 0x0, 0x6f,
    0x50, 0x0, 0x0, 0x9, 0xf4, 0x20, 0x0, 0x2,
    0xfe, 0xc, 0xd9, 0x8a, 0xff, 0x50, 0x6c, 0xef,
    0xfb, 0x40, 0x0,

    /* U+0036 "6" */
    0x0, 0x4b, 0xff, 0xd6, 0x0, 0x5f, 0xe9, 0x8a,
    0x90, 0x1f, 0xb0, 0x0, 0x0, 0x6, 0xf2, 0x0,
    0x0, 0x0, 0xae, 0x3d, 0xff, 0xb1, 0xc, 0xef,
    0x95, 0x8f, 0xd0, 0xdf, 0x90, 0x0, 0x8f, 0x5c,
    0xf3, 0x0, 0x3, 0xf9, 0xbf, 0x20, 0x0, 0x1f,
    0xa8, 0xf3, 0x0, 0x3, 0xf9, 0x3f, 0xa0, 0x0,
    0x8f, 0x50, 0xaf, 0xa6, 0x9f, 0xc0, 0x0, 0x8d,
    0xfe, 0x91, 0x0,

    /* U+0037 "7" */
    0xcf, 0xff, 0xff, 0xff, 0x76, 0x77, 0x77, 0x7c,
    0xf3, 0x0, 0x0, 0x0, 0xed, 0x0, 0x0, 0x0,
    0x4f, 0x60, 0x0, 0x0, 0xb, 0xf1, 0x0, 0x0,
    0x1, 0xfa, 0x0, 0x0, 0x0, 0x7f, 0x40, 0x0,
    0x0, 0xe, 0xe0, 0x0, 0x0, 0x4, 0xf8, 0x0,
    0x0, 0x0, 0xaf, 0x20, 0x0, 0x0, 0x1f, 0xc0,
    0x0, 0x0, 0x7, 0xf5, 0x0, 0x0, 0x0, 0xdf,
    0x0, 0x0, 0x0,

    /* U+0038 "8" */
    0x2, 0xae, 0xfd, 0x91, 0x1, 0xef, 0x86, 0x9f,
    0xe0, 0x7f, 0x60, 0x0, 0x8f, 0x57, 0xf4, 0x0,
    0x7, 0xf4, 0x3f, 0xc3, 0x14, 0xec, 0x0, 0x6e,
    0xff, 0xf9, 0x0, 0x4, 0xb7, 0x58, 0xfa, 0x4,
    0xf4, 0x0, 0x7, 0xf5, 0xbf, 0x0, 0x0, 0x2f,
    0x9d, 0xf0, 0x0, 0x2, 0xfa, 0xaf, 0x50, 0x0,
    0x7f, 0x73, 0xff, 0x96, 0x9f, 0xd0, 0x2, 0xae,
    0xfe, 0x91, 0x0,

    /* U+0039 "9" */
    0x3, 0xbf, 0xfd, 0x60, 0x2, 0xfe, 0x86, 0xbf,
    0x70, 0xaf, 0x30, 0x0, 0xcf, 0xd, 0xf0, 0x0,
    0x6, 0xf4, 0xde, 0x0, 0x0, 0x6f, 0x7b, 0xf1,
    0x0, 0xa, 0xf9, 0x5f, 0xc3, 0x27, 0xef, 0x90,
    0x7f, 0xff, 0xe5, 0xf8, 0x0, 0x3, 0x30, 0x3f,
    0x60, 0x0, 0x0, 0x8, 0xf3, 0x0, 0x0, 0x3,
    0xfc, 0x0, 0xd9, 0x8a, 0xff, 0x30, 0x9, 0xdf,
    0xea, 0x20, 0x0,

    /* U+003A ":" */
    0xbf, 0x8b, 0xf8, 0x7a, 0x50, 0x0, 0x0, 0x0,
    0x0, 0x7a, 0x5b, 0xf8, 0xbf, 0x80,

    /* U+003B ";" */
    0x7, 0xa5, 0xb, 0xf8, 0xb, 0xf8, 0x0, 0x0,
    0x0, 0x0, 0x0, 0x0, 0x1, 0x21, 0x9, 0xfa,
    0x9, 0xf9, 0xd, 0xf3, 0x1f, 0xa0, 0x5f, 0x20,

    /* U+003C "<" */
    0x0, 0x0, 0x0, 0x0, 0x5b, 0x0, 0x0, 0x0,
    0x29, 0xef, 0xd0, 0x0, 0x6, 0xcf, 0xe9, 0x30,
    0x1, 0x9f, 0xfb, 0x50, 0x0, 0x0, 0x3f, 0xf5,
    0x0, 0x0, 0x0, 0x0, 0x6c, 0xfe, 0x82, 0x0,
    0x0, 0x0, 0x3, 0x9f, 0xfc, 0x61, 0x0, 0x0,
    0x0, 0x5, 0xcf, 0xf0, 0x0, 0x0, 0x0, 0x0,
    0x28, 0x0,

    /* U+003D "=" */
    0x2, 0x22, 0x22, 0x22, 0x22, 0x3, 0xff, 0xff,
    0xff, 0xff, 0xf1, 0x15, 0x55, 0x55, 0x55, 0x55,
    0x0, 0x0, 0x0, 0x0, 0x0, 0x0, 0x18, 0x88,
    0x88, 0x88, 0x88, 0x3, 0xff, 0xff, 0xff, 0xff,
    0xf1,

    /* U+003E ">" */
    0x3a, 0x40, 0x0, 0x0, 0x0, 0x2, 0xef, 0xe8,
    0x10, 0x0, 0x0, 0x0, 0x4a, 0xff, 0xb5, 0x0,
    0x0, 0x0, 0x0, 0x6c, 0xfe, 0x80, 0x0, 0x0,
    0x0, 0x7, 0xff, 0x10, 0x0, 0x3, 0x9e, 0xfb,
    0x50, 0x1, 0x7d, 0xfe, 0x82, 0x0, 0x3, 0xff,
    0xb4, 0x0, 0x0, 0x0, 0x27, 0x10, 0x0, 0x0,
    0x0, 0x0,

    /* U+003F "?" */
    0x3a, 0xdf, 0xd8, 0x0, 0xdd, 0x87, 0xcf, 0xa0,
    0x40, 0x0, 0xd, 0xf0, 0x0, 0x0, 0xb, 0xf1,
    0x0, 0x0, 0x5f, 0xa0, 0x0, 0x5, 0xfb, 0x0,
    0x0, 0x3f, 0xb0, 0x0, 0x0, 0x9f, 0x20, 0x0,
    0x0, 0xaf, 0x0, 0x0, 0x0, 0x58, 0x0, 0x0,
    0x0, 0x23, 0x0, 0x0, 0x0, 0xbf, 0x10, 0x0,
    0x0, 0xbf, 0x10, 0x0,

    /* U+0040 "@" */
    0x0, 0x0, 0x0, 0x0, 0x0, 0x0, 0x0, 0x4b,
    0xff, 0xd6, 0x0, 0x0, 0x9f, 0x94, 0x48, 0xf8,
    0x0, 0x6f, 0x40, 0x0, 0x7, 0xf1, 0xe, 0x70,
    0x0, 0x0, 0xf, 0x45, 0xf0, 0x1, 0xbf, 0xf7,
    0xe5, 0x9c, 0x0, 0xcd, 0x54, 0xdf, 0x5b, 0x90,
    0x3f, 0x30, 0x2, 0xf5, 0xc8, 0x5, 0xf0, 0x0,
    0xe, 0x5b, 0x90, 0x3f, 0x20, 0x0, 0xf5, 0x9c,
    0x0, 0xdb, 0x10, 0x9f, 0x55, 0xf1, 0x2, 0xcf,
    0xfa, 0xe5, 0xe, 0x80, 0x0, 0x10, 0x2, 0x0,
    0x6f, 0x40, 0x0, 0x0, 0x0, 0x0, 0x8f, 0x93,
    0x11, 0x40, 0x0, 0x0, 0x4c, 0xff, 0xff, 0x10,
    0x0, 0x0, 0x0, 0x22, 0x0, 0x0,

    /* U+0041 "A" */
    0x0, 0x0, 0xdf, 0xa0, 0x0, 0x0, 0x0, 0x1f,
    0xdf, 0x0, 0x0, 0x0, 0x6, 0xf4, 0xf4, 0x0,
    0x0, 0x0, 0xbc, 0xe, 0x90, 0x0, 0x0, 0x1f,
    0x80, 0xae, 0x0, 0x0, 0x5, 0xf3, 0x6, 0xf3,
    0x0, 0x0, 0xae, 0x0, 0x1f, 0x80, 0x0, 0xf,
    0xb1, 0x11, 0xdd, 0x0, 0x4, 0xff, 0xff, 0xff,
    0xf1, 0x0, 0x9f, 0x54, 0x44, 0x7f, 0x60, 0xe,
    0xc0, 0x0, 0x0, 0xfb, 0x3, 0xf8, 0x0, 0x0,
    0xb, 0xf1, 0x8f, 0x40, 0x0, 0x0, 0x7f, 0x50,

    /* U+0042 "B" */
    0x8f, 0xff, 0xfd, 0xa2, 0x8, 0xf9, 0x77, 0x9f,
    0xf2, 0x8f, 0x40, 0x0, 0x6f, 0x78, 0xf4, 0x0,
    0x5, 0xf7, 0x8f, 0x51, 0x24, 0xdf, 0x28, 0xff,
    0xff, 0xfd, 0x20, 0x8f, 0x74, 0x57, 0xed, 0x18,
    0xf4, 0x0, 0x2, 0xfa, 0x8f, 0x40, 0x0, 0xd,
    0xe8, 0xf4, 0x0, 0x0, 0xdf, 0x8f, 0x40, 0x0,
    0x2f, 0xc8, 0xf9, 0x77, 0x9f, 0xf4, 0x8f, 0xff,
    0xfe, 0xb3, 0x0,

    /* U+0043 "C" */
    0x0, 0x29, 0xef, 0xea, 0x20, 0x3e, 0xf9, 0x78,
    0xe7, 0xd, 0xf2, 0x0, 0x0, 0x25, 0xf8, 0x0,
    0x0, 0x0, 0x9f, 0x40, 0x0, 0x0, 0xb, 0xf2,
    0x0, 0x0, 0x0, 0xcf, 0x10, 0x0, 0x0, 0xb,
    0xf2, 0x0, 0x0, 0x0, 0x9f, 0x40, 0x0, 0x0,
    0x5, 0xf8, 0x0, 0x0, 0x0, 0xd, 0xf2, 0x0,
    0x0, 0x20, 0x3f, 0xf9, 0x78, 0xe7, 0x0, 0x2a,
    0xef, 0xea, 0x20,

    /* U+0044 "D" */
    0xcf, 0xff, 0xd8, 0x10, 0xc, 0xf7, 0x7a, 0xfe,
    0x30, 0xcf, 0x0, 0x2, 0xfd, 0xc, 0xf0, 0x0,
    0x9, 0xf4, 0xcf, 0x0, 0x0, 0x5f, 0x8c, 0xf0,
    0x0, 0x3, 0xfa, 0xcf, 0x0, 0x0, 0x2f, 0xbc,
    0xf0, 0x0, 0x3, 0xfa, 0xcf, 0x0, 0x0, 0x5f,
    0x8c, 0xf0, 0x0, 0x9, 0xf4, 0xcf, 0x0, 0x3,
    0xfd, 0xc, 0xf7, 0x7a, 0xff, 0x30, 0xcf, 0xff,
    0xd9, 0x10, 0x0,

    /* U+0045 "E" */
    0x4f, 0xff, 0xff, 0xff, 0x84, 0xfb, 0x77, 0x77,
    0x73, 0x4f, 0x80, 0x0, 0x0, 0x4, 0xf8, 0x0,
    0x0, 0x0, 0x4f, 0x92, 0x22, 0x22, 0x4, 0xff,
    0xff, 0xff, 0xf4, 0x4f, 0xa5, 0x55, 0x55, 0x14,
    0xf8, 0x0, 0x0, 0x0, 0x4f, 0x80, 0x0, 0x0,
    0x4, 0xf8, 0x0, 0x0, 0x0, 0x4f, 0x80, 0x0,
    0x0, 0x4, 0xfb, 0x77, 0x77, 0x75, 0x4f, 0xff,
    0xff, 0xff, 0xb0,

    /* U+0046 "F" */
    0xff, 0xff, 0xff, 0xfc, 0xfe, 0x77, 0x77, 0x76,
    0xfd, 0x0, 0x0, 0x0, 0xfd, 0x0, 0x0, 0x0,
    0xfd, 0x22, 0x22, 0x20, 0xff, 0xff, 0xff, 0xf3,
    0xfe, 0x55, 0x55, 0x51, 0xfd, 0x0, 0x0, 0x0,
    0xfd, 0x0, 0x0, 0x0, 0xfd, 0x0, 0x0, 0x0,
    0xfd, 0x0, 0x0, 0x0, 0xfd, 0x0, 0x0, 0x0,
    0xfd, 0x0, 0x0, 0x0,

    /* U+0047 "G" */
    0x0, 0x4, 0xbe, 0xfc, 0x60, 0x0, 0x7f, 0xd8,
    0x7a, 0xf4, 0x3, 0xfc, 0x0, 0x0, 0x11, 0xa,
    0xf3, 0x0, 0x0, 0x0, 0xe, 0xe0, 0x0, 0x0,
    0x0, 0xf, 0xc0, 0x0, 0x12, 0x21, 0x1f, 0xc0,
    0x0, 0xef, 0xfb, 0xf, 0xc0, 0x0, 0x45, 0xfb,
    0xe, 0xe0, 0x0, 0x0, 0xfb, 0xa, 0xf3, 0x0,
    0x0, 0xfb, 0x3, 0xfb, 0x0, 0x0, 0xfb, 0x0,
    0x7f, 0xd7, 0x7b, 0xfa, 0x0, 0x4, 0xbf, 0xfd,
    0x70,

    /* U+0048 "H" */
    0xcf, 0x0, 0x0, 0x2f, 0xac, 0xf0, 0x0, 0x2,
    0xfa, 0xcf, 0x0, 0x0, 0x2f, 0xac, 0xf0, 0x0,
    0x2, 0xfa, 0xcf, 0x22, 0x22, 0x4f, 0xac, 0xff,
    0xff, 0xff, 0xfa, 0xcf, 0x55, 0x55, 0x6f, 0xac,
    0xf0, 0x0, 0x2, 0xfa, 0xcf, 0x0, 0x0, 0x2f,
    0xac, 0xf0, 0x0, 0x2, 0xfa, 0xcf, 0x0, 0x0,
    0x2f, 0xac, 0xf0, 0x0, 0x2, 0xfa, 0xcf, 0x0,
    0x0, 0x2f, 0xa0,

    /* U+0049 "I" */
    0x3f, 0xff, 0xff, 0xff, 0x1, 0x77, 0xbf, 0xa7,
    0x70, 0x0, 0x7, 0xf4, 0x0, 0x0, 0x0, 0x7f,
    0x40, 0x0, 0x0, 0x7, 0xf4, 0x0, 0x0, 0x0,
    0x7f, 0x40, 0x0, 0x0, 0x7, 0xf4, 0x0, 0x0,
    0x0, 0x7f, 0x40, 0x0, 0x0, 0x7, 0xf4, 0x0,
    0x0, 0x0, 0x7f, 0x40, 0x0, 0x0, 0x7, 0xf4,
    0x0, 0x1, 0x77, 0xbf, 0xa7, 0x70, 0x3f, 0xff,
    0xff, 0xff, 0x0,

    /* U+004A "J" */
    0x0, 0xb, 0xff, 0xff, 0x60, 0x0, 0x57, 0x7a,
    0xf6, 0x0, 0x0, 0x0, 0x6f, 0x60, 0x0, 0x0,
    0x6, 0xf6, 0x0, 0x0, 0x0, 0x6f, 0x60, 0x0,
    0x0, 0x6, 0xf6, 0x0, 0x0, 0x0, 0x6f, 0x60,
    0x0, 0x0, 0x6, 0xf6, 0x0, 0x0, 0x0, 0x6f,
    0x60, 0x0, 0x0, 0x6, 0xf5, 0x6, 0x0, 0x0,
    0xaf, 0x30, 0xfd, 0x87, 0xaf, 0xc0, 0x6, 0xbe,
    0xfe, 0xa1, 0x0,

    /* U+004B "K" */
    0xcf, 0x0, 0x0, 0x1d, 0xf3, 0xcf, 0x0, 0x1,
    0xdf, 0x30, 0xcf, 0x0, 0xc, 0xf4, 0x0, 0xcf,
    0x0, 0xcf, 0x40, 0x0, 0xcf, 0xc, 0xf5, 0x0,
    0x0, 0xcf, 0xbf, 0xb0, 0x0, 0x0, 0xcf, 0xfc,
    0xf5, 0x0, 0x0, 0xcf, 0x61, 0xee, 0x10, 0x0,
    0xcf, 0x0, 0x5f, 0xb0, 0x0, 0xcf, 0x0, 0xa,
    0xf5, 0x0, 0xcf, 0x0, 0x1, 0xef, 0x10, 0xcf,
    0x0, 0x0, 0x5f, 0xb0, 0xcf, 0x0, 0x0, 0xb,
    0xf6,

    /* U+004C "L" */
    0x1f, 0xa0, 0x0, 0x0, 0x0, 0x1f, 0xa0, 0x0,
    0x0, 0x0, 0x1f, 0xa0, 0x0, 0x0, 0x0, 0x1f,
    0xa0, 0x0, 0x0, 0x0, 0x1f, 0xa0, 0x0, 0x0,
    0x0, 0x1f, 0xa0, 0x0, 0x0, 0x0, 0x1f, 0xa0,
    0x0, 0x0, 0x0, 0x1f, 0xa0, 0x0, 0x0, 0x0,
    0x1f, 0xa0, 0x0, 0x0, 0x0, 0x1f, 0xa0, 0x0,
    0x0, 0x0, 0x1f, 0xa0, 0x0, 0x0, 0x0, 0x1f,
    0xd7, 0x77, 0x77, 0x70, 0x1f, 0xff, 0xff, 0xff,
    0xf0,

    /* U+004D "M" */
    0x4f, 0xf4, 0x0, 0x7, 0xff, 0x14, 0xff, 0xa0,
    0x0, 0xdf, 0xf1, 0x4f, 0xaf, 0x0, 0x2f, 0xaf,
    0x14, 0xf6, 0xe5, 0x8, 0xb9, 0xf1, 0x4f, 0x69,
    0xa0, 0xd6, 0x9f, 0x14, 0xf6, 0x3f, 0x4f, 0x19,
    0xf1, 0x4f, 0x60, 0xed, 0xb0, 0x9f, 0x14, 0xf6,
    0x9, 0xf5, 0x9, 0xf1, 0x4f, 0x60, 0x15, 0x0,
    0x9f, 0x14, 0xf6, 0x0, 0x0, 0x9, 0xf1, 0x4f,
    0x60, 0x0, 0x0, 0x9f, 0x14, 0xf6, 0x0, 0x0,
    0x9, 0xf1, 0x4f, 0x60, 0x0, 0x0, 0x9f, 0x10,

    /* U+004E "N" */
    0xcf, 0xa0, 0x0, 0x1f, 0x9c, 0xff, 0x10, 0x1,
    0xf9, 0xcf, 0xf8, 0x0, 0x1f, 0x9c, 0xf9, 0xe0,
    0x1, 0xf9, 0xcf, 0x2f, 0x50, 0x1f, 0x9c, 0xf0,
    0xbb, 0x1, 0xf9, 0xcf, 0x5, 0xf2, 0x1f, 0x9c,
    0xf0, 0xe, 0x91, 0xf9, 0xcf, 0x0, 0x8f, 0x2f,
    0x9c, 0xf0, 0x1, 0xf8, 0xf9, 0xcf, 0x0, 0xa,
    0xef, 0x9c, 0xf0, 0x0, 0x4f, 0xf9, 0xcf, 0x0,
    0x0, 0xdf, 0x90,

    /* U+004F "O" */
    0x0, 0x9e, 0xfd, 0x70, 0x0, 0xcf, 0xa7, 0xbf,
    0x90, 0x5f, 0x90, 0x0, 0xbf, 0x2a, 0xf2, 0x0,
    0x5, 0xf7, 0xdf, 0x0, 0x0, 0x2f, 0xae, 0xe0,
    0x0, 0x1, 0xfc, 0xfe, 0x0, 0x0, 0xf, 0xce,
    0xe0, 0x0, 0x1, 0xfc, 0xdf, 0x0, 0x0, 0x2f,
    0xaa, 0xf2, 0x0, 0x5, 0xf7, 0x5f, 0x80, 0x0,
    0xbf, 0x20, 0xcf, 0xa7, 0xbf, 0x90, 0x0, 0x9e,
    0xfd, 0x70, 0x0,

    /* U+0050 "P" */
    0x4f, 0xff, 0xfe, 0xb5, 0x0, 0x4f, 0xb7, 0x79,
    0xff, 0x60, 0x4f, 0x80, 0x0, 0x3f, 0xd0, 0x4f,
    0x80, 0x0, 0xe, 0xf0, 0x4f, 0x80, 0x0, 0xf,
    0xe0, 0x4f, 0x92, 0x24, 0xcf, 0x90, 0x4f, 0xff,
    0xff, 0xfa, 0x0, 0x4f, 0xa5, 0x44, 0x10, 0x0,
    0x4f, 0x80, 0x0, 0x0, 0x0, 0x4f, 0x80, 0x0,
    0x0, 0x0, 0x4f, 0x80, 0x0, 0x0, 0x0, 0x4f,
    0x80, 0x0, 0x0, 0x0, 0x4f, 0x80, 0x0, 0x0,
    0x0,

    /* U+0051 "Q" */
    0x0, 0x9e, 0xfd, 0x70, 0x0, 0xcf, 0xa7, 0xbf,
    0x90, 0x5f, 0x90, 0x0, 0xbf, 0x2a, 0xf2, 0x0,
    0x5, 0xf7, 0xdf, 0x0, 0x0, 0x2f, 0xae, 0xe0,
    0x0, 0x1, 0xfc, 0xfe, 0x0, 0x0, 0xf, 0xce,
    0xe0, 0x0, 0x1, 0xfb, 0xdf, 0x0, 0x0, 0x2f,
    0xaa, 0xf2, 0x0, 0x5, 0xf7, 0x5f, 0x80, 0x0,
    0xbf, 0x20, 0xcf, 0xa7, 0xbf, 0x90, 0x0, 0x9e,
    0xff, 0xb0, 0x0, 0x0, 0x0, 0xbf, 0x60, 0x0,
    0x0, 0x0, 0xba, 0x0, 0x0, 0x0, 0x0, 0x0,

    /* U+0052 "R" */
    0xcf, 0xff, 0xfd, 0x70, 0x0, 0xcf, 0x77, 0x8d,
    0xfa, 0x0, 0xcf, 0x0, 0x0, 0xdf, 0x20, 0xcf,
    0x0, 0x0, 0x8f, 0x50, 0xcf, 0x0, 0x0, 0xaf,
    0x40, 0xcf, 0x22, 0x27, 0xfd, 0x0, 0xcf, 0xff,
    0xff, 0x91, 0x0, 0xcf, 0x55, 0x7e, 0xb0, 0x0,
    0xcf, 0x0, 0x3, 0xf8, 0x0, 0xcf, 0x0, 0x0,
    0xbf, 0x10, 0xcf, 0x0, 0x0, 0x3f, 0x90, 0xcf,
    0x0, 0x0, 0xc, 0xf1, 0xcf, 0x0, 0x0, 0x4,
    0xf9,

    /* U+0053 "S" */
    0x1, 0x9d, 0xfe, 0xb6, 0x1, 0xef, 0x97, 0x8c,
    0xe0, 0x9f, 0x40, 0x0, 0x2, 0xc, 0xf0, 0x0,
    0x0, 0x0, 0xaf, 0x40, 0x0, 0x0, 0x2, 0xff,
    0xb7, 0x30, 0x0, 0x2, 0x9e, 0xff, 0xd4, 0x0,
    0x0, 0x2, 0x7e, 0xf2, 0x0, 0x0, 0x0, 0x4f,
    0x80, 0x0, 0x0, 0x1, 0xfa, 0x41, 0x0, 0x0,
    0x6f, 0x79, 0xfa, 0x77, 0xaf, 0xe1, 0x39, 0xdf,
    0xfd, 0x91, 0x0,

    /* U+0054 "T" */
    0x9f, 0xff, 0xff, 0xff, 0xff, 0x64, 0x77, 0x7b,
    0xfa, 0x77, 0x73, 0x0, 0x0, 0x7f, 0x50, 0x0,
    0x0, 0x0, 0x7, 0xf5, 0x0, 0x0, 0x0, 0x0,
    0x7f, 0x50, 0x0, 0x0, 0x0, 0x7, 0xf5, 0x0,
    0x0, 0x0, 0x0, 0x7f, 0x50, 0x0, 0x0, 0x0,
    0x7, 0xf5, 0x0, 0x0, 0x0, 0x0, 0x7f, 0x50,
    0x0, 0x0, 0x0, 0x7, 0xf5, 0x0, 0x0, 0x0,
    0x0, 0x7f, 0x50, 0x0, 0x0, 0x0, 0x7, 0xf5,
    0x0, 0x0, 0x0, 0x0, 0x7f, 0x50, 0x0, 0x0,

    /* U+0055 "U" */
    0xbf, 0x10, 0x0, 0x3f, 0x8b, 0xf1, 0x0, 0x3,
    0xf8, 0xbf, 0x10, 0x0, 0x3f, 0x8b, 0xf1, 0x0,
    0x3, 0xf8, 0xbf, 0x10, 0x0, 0x3f, 0x8b, 0xf1,
    0x0, 0x3, 0xf8, 0xbf, 0x10, 0x0, 0x3f, 0x8b,
    0xf1, 0x0, 0x3, 0xf8, 0xbf, 0x10, 0x0, 0x3f,
    0x8a, 0xf1, 0x0, 0x4, 0xf7, 0x7f, 0x50, 0x0,
    0x8f, 0x41, 0xef, 0x97, 0xaf, 0xc0, 0x2, 0xad,
    0xfd, 0x91, 0x0,

    /* U+0056 "V" */
    0x5f, 0x70, 0x0, 0x0, 0xaf, 0x31, 0xfb, 0x0,
    0x0, 0xe, 0xe0, 0xc, 0xf0, 0x0, 0x2, 0xf9,
    0x0, 0x7f, 0x40, 0x0, 0x7f, 0x40, 0x2, 0xf8,
    0x0, 0xb, 0xf0, 0x0, 0xd, 0xc0, 0x0, 0xfb,
    0x0, 0x0, 0x9f, 0x10, 0x3f, 0x60, 0x0, 0x4,
    0xf5, 0x8, 0xf2, 0x0, 0x0, 0xf, 0x90, 0xcd,
    0x0, 0x0, 0x0, 0xbe, 0xf, 0x80, 0x0, 0x0,
    0x6, 0xf7, 0xf3, 0x0, 0x0, 0x0, 0x1f, 0xee,
    0x0, 0x0, 0x0, 0x0, 0xcf, 0xa0, 0x0, 0x0,

    /* U+0057 "W" */
    0xec, 0x0, 0x0, 0x0, 0xf, 0xcc, 0xe0, 0x0,
    0x0, 0x1, 0xf9, 0xaf, 0x0, 0x0, 0x0, 0x3f,
    0x77, 0xf2, 0x9, 0xf7, 0x5, 0xf4, 0x5f, 0x40,
    0xdf, 0xa0, 0x7f, 0x22, 0xf6, 0xf, 0xbd, 0x8,
    0xf0, 0xf, 0x83, 0xf4, 0xf0, 0xad, 0x0, 0xea,
    0x6d, 0xf, 0x4c, 0xb0, 0xb, 0xca, 0x90, 0xc7,
    0xe8, 0x0, 0x9d, 0xd6, 0x8, 0xbf, 0x60, 0x6,
    0xff, 0x20, 0x5f, 0xf4, 0x0, 0x4f, 0xf0, 0x2,
    0xff, 0x10, 0x1, 0xfb, 0x0, 0xe, 0xf0, 0x0,

    /* U+0058 "X" */
    0xe, 0xe0, 0x0, 0x0, 0xcf, 0x10, 0x5f, 0x80,
    0x0, 0x6f, 0x60, 0x0, 0xbf, 0x20, 0x1e, 0xc0,
    0x0, 0x1, 0xfb, 0x9, 0xf2, 0x0, 0x0, 0x7,
    0xf8, 0xf7, 0x0, 0x0, 0x0, 0xd, 0xfd, 0x0,
    0x0, 0x0, 0x0, 0xbf, 0xb0, 0x0, 0x0, 0x0,
    0x5f, 0xcf, 0x40, 0x0, 0x0, 0x1e, 0xd0, 0xdd,
    0x0, 0x0, 0x9, 0xf4, 0x4, 0xf8, 0x0, 0x4,
    0xfa, 0x0, 0xa, 0xf2, 0x0, 0xde, 0x10, 0x0,
    0x2f, 0xb0, 0x8f, 0x60, 0x0, 0x0, 0x8f, 0x50,

    /* U+0059 "Y" */
    0x6f, 0x70, 0x0, 0x0, 0xaf, 0x30, 0xcf, 0x10,
    0x0, 0x3f, 0xa0, 0x3, 0xf9, 0x0, 0xc, 0xf1,
    0x0, 0xa, 0xf2, 0x5, 0xf7, 0x0, 0x0, 0x1f,
    0xb0, 0xdd, 0x0, 0x0, 0x0, 0x7f, 0xbf, 0x40,
    0x0, 0x0, 0x0, 0xdf, 0xb0, 0x0, 0x0, 0x0,
    0x7, 0xf4, 0x0, 0x0, 0x0, 0x0, 0x7f, 0x40,
    0x0, 0x0, 0x0, 0x7, 0xf4, 0x0, 0x0, 0x0,
    0x0, 0x7f, 0x40, 0x0, 0x0, 0x0, 0x7, 0xf4,
    0x0, 0x0, 0x0, 0x0, 0x7f, 0x40, 0x0, 0x0,

    /* U+005A "Z" */
    0x7f, 0xff, 0xff, 0xff, 0xf1, 0x37, 0x77, 0x77,
    0x8f, 0xe0, 0x0, 0x0, 0x0, 0x9f, 0x40, 0x0,
    0x0, 0x4, 0xf9, 0x0, 0x0, 0x0, 0xe, 0xe0,
    0x0, 0x0, 0x0, 0x9f, 0x40, 0x0, 0x0, 0x4,
    0xf9, 0x0, 0x0, 0x0, 0xd, 0xd0, 0x0, 0x0,
    0x0, 0x8f, 0x40, 0x0, 0x0, 0x3, 0xf9, 0x0,
    0x0, 0x0, 0xd, 0xd0, 0x0, 0x0, 0x0, 0x7f,
    0xa7, 0x77, 0x77, 0x72, 0xaf, 0xff, 0xff, 0xff,
    0xf4,

    /* U+005B "[" */
    0xff, 0xfc, 0xfc, 0x32, 0xfb, 0x0, 0xfb, 0x0,
    0xfb, 0x0, 0xfb, 0x0, 0xfb, 0x0, 0xfb, 0x0,
    0xfb, 0x0, 0xfb, 0x0, 0xfb, 0x0, 0xfb, 0x0,
    0xfb, 0x0, 0xfb, 0x0, 0xfb, 0x0, 0xff, 0xfc,
    0x33, 0x32,

    /* U+005C "\\" */
    0xd, 0xc0, 0x0, 0x0, 0x0, 0x6, 0xf4, 0x0,
    0x0, 0x0, 0x0, 0xec, 0x0, 0x0, 0x0, 0x0,
    0x7f, 0x30, 0x0, 0x0, 0x0, 0xe, 0xb0, 0x0,
    0x0, 0x0, 0x7, 0xf3, 0x0, 0x0, 0x0, 0x1,
    0xfa, 0x0, 0x0, 0x0, 0x0, 0x8f, 0x20, 0x0,
    0x0, 0x0, 0x1f, 0xa0, 0x0, 0x0, 0x0, 0x9,
    0xf1, 0x0, 0x0, 0x0, 0x1, 0xf9, 0x0, 0x0,
    0x0, 0x0, 0x9f, 0x10, 0x0, 0x0, 0x0, 0x2f,
    0x80, 0x0, 0x0, 0x0, 0xa, 0xf1, 0x0, 0x0,
    0x0, 0x2, 0x82,

    /* U+005D "]" */
    0xff, 0xfc, 0x33, 0xec, 0x0, 0xdc, 0x0, 0xdc,
    0x0, 0xdc, 0x0, 0xdc, 0x0, 0xdc, 0x0, 0xdc,
    0x0, 0xdc, 0x0, 0xdc, 0x0, 0xdc, 0x0, 0xdc,
    0x0, 0xdc, 0x0, 0xdc, 0x0, 0xdc, 0xff, 0xfc,
    0x33, 0x32,

    /* U+005E "^" */
    0x0, 0x0, 0xbf, 0x90, 0x0, 0x0, 0x0, 0x8f,
    0xbf, 0x60, 0x0, 0x0, 0x5f, 0x70, 0xaf, 0x30,
    0x0, 0x3f, 0x90, 0x0, 0xbe, 0x10, 0x1e, 0xa0,
    0x0, 0x0, 0xcc, 0x0,

    /* U+005F "_" */
    0xbb, 0xbb, 0xbb, 0xbb, 0xbb, 0x90,

    /* U+0060 "`" */
    0x28, 0x20, 0x0, 0xbd, 0x0, 0x1, 0xd9, 0x0,
    0x2, 0xf4,

    /* U+0061 "a" */
    0x8, 0xce, 0xfd, 0x80, 0x1, 0xfa, 0x76, 0x9f,
    0xa0, 0x1, 0x0, 0x0, 0x9f, 0x20, 0x0, 0x0,
    0x5, 0xf4, 0x5, 0xcf, 0xff, 0xff, 0x46, 0xfb,
    0x53, 0x37, 0xf5, 0xce, 0x0, 0x0, 0x7f, 0x5c,
    0xe0, 0x0, 0xd, 0xf5, 0x6f, 0xb6, 0x7d, 0xdf,
    0x50, 0x7d, 0xfd, 0x75, 0xf5,

    /* U+0062 "b" */
    0x4f, 0x50, 0x0, 0x0, 0x4, 0xf5, 0x0, 0x0,
    0x0, 0x4f, 0x50, 0x0, 0x0, 0x4, 0xf5, 0x0,
    0x0, 0x0, 0x4f, 0x5a, 0xff, 0xa1, 0x4, 0xfe,
    0xc6, 0x9f, 0xd0, 0x4f, 0xd0, 0x0, 0x7f, 0x54,
    0xf7, 0x0, 0x1, 0xfa, 0x4f, 0x50, 0x0, 0xf,
    0xc4, 0xf5, 0x0, 0x0, 0xfb, 0x4f, 0x70, 0x0,
    0x1f, 0xa4, 0xfd, 0x0, 0x7, 0xf5, 0x4f, 0xec,
    0x69, 0xfc, 0x4, 0xf5, 0xaf, 0xfa, 0x10,

    /* U+0063 "c" */
    0x0, 0x29, 0xef, 0xd9, 0x10, 0x2e, 0xf9, 0x68,
    0xd5, 0xc, 0xf3, 0x0, 0x0, 0x11, 0xfa, 0x0,
    0x0, 0x0, 0x3f, 0x70, 0x0, 0x0, 0x3, 0xf7,
    0x0, 0x0, 0x0, 0x1f, 0xa0, 0x0, 0x0, 0x0,
    0xcf, 0x20, 0x0, 0x1, 0x2, 0xef, 0x86, 0x8d,
    0x50, 0x2, 0x9e, 0xfe, 0x91,

    /* U+0064 "d" */
    0x0, 0x0, 0x0, 0x7f, 0x20, 0x0, 0x0, 0x7,
    0xf2, 0x0, 0x0, 0x0, 0x7f, 0x20, 0x0, 0x0,
    0x7, 0xf2, 0x2, 0xbf, 0xe8, 0x7f, 0x21, 0xef,
    0x87, 0xde, 0xf2, 0x8f, 0x50, 0x1, 0xff, 0x2c,
    0xe0, 0x0, 0xa, 0xf2, 0xed, 0x0, 0x0, 0x8f,
    0x2e, 0xd0, 0x0, 0x8, 0xf2, 0xce, 0x0, 0x0,
    0xaf, 0x28, 0xf5, 0x0, 0x1f, 0xf2, 0x1e, 0xf8,
    0x7d, 0xef, 0x20, 0x2b, 0xfe, 0x87, 0xf2,

    /* U+0065 "e" */
    0x0, 0x7d, 0xfe, 0x91, 0x0, 0xbf, 0x96, 0x8f,
    0xd0, 0x6f, 0x60, 0x0, 0x3f, 0x6b, 0xf0, 0x0,
    0x0, 0xeb, 0xef, 0xff, 0xff, 0xff, 0xce, 0xd3,
    0x33, 0x33, 0x32, 0xbf, 0x0, 0x0, 0x0, 0x6,
    0xf7, 0x0, 0x0, 0x1, 0xb, 0xfb, 0x66, 0x9e,
    0x60, 0x7, 0xdf, 0xfc, 0x81,

    /* U+0066 "f" */
    0x0, 0x0, 0x7d, 0xff, 0x50, 0x0, 0x4f, 0xa5,
    0x51, 0x0, 0x8, 0xf0, 0x0, 0x0, 0x0, 0xaf,
    0x0, 0x0, 0x4f, 0xff, 0xff, 0xff, 0x51, 0x44,
    0xbf, 0x44, 0x41, 0x0, 0xa, 0xf0, 0x0, 0x0,
    0x0, 0xaf, 0x0, 0x0, 0x0, 0xa, 0xf0, 0x0,
    0x0, 0x0, 0xaf, 0x0, 0x0, 0x0, 0xa, 0xf0,
    0x0, 0x0, 0x0, 0xaf, 0x0, 0x0, 0x0, 0xa,
    0xf0, 0x0, 0x0, 0x0, 0xaf, 0x0, 0x0,

    /* U+0067 "g" */
    0x2, 0xbf, 0xe8, 0x7f, 0x21, 0xef, 0x86, 0xde,
    0xf2, 0x7f, 0x50, 0x1, 0xef, 0x2c, 0xf0, 0x0,
    0x9, 0xf2, 0xed, 0x0, 0x0, 0x8f, 0x2e, 0xd0,
    0x0, 0x8, 0xf2, 0xcf, 0x0, 0x0, 0x9f, 0x27,
    0xf5, 0x0, 0xe, 0xf2, 0x1e, 0xf8, 0x6c, 0xef,
    0x20, 0x2b, 0xfe, 0x87, 0xf2, 0x0, 0x0, 0x0,
    0x8f, 0x10, 0x0, 0x0, 0xd, 0xd0, 0xc, 0x95,
    0x5b, 0xf5, 0x0, 0x8d, 0xff, 0xc5, 0x0,

    /* U+0068 "h" */
    0x4f, 0x50, 0x0, 0x0, 0x4, 0xf5, 0x0, 0x0,
    0x0, 0x4f, 0x50, 0x0, 0x0, 0x4, 0xf5, 0x0,
    0x0, 0x0, 0x4f, 0x58, 0xef, 0xb1, 0x4, 0xfd,
    0xc7, 0x9f, 0xc0, 0x4f, 0xc0, 0x0, 0xaf, 0x14,
    0xf7, 0x0, 0x6, 0xf3, 0x4f, 0x50, 0x0, 0x6f,
    0x34, 0xf5, 0x0, 0x6, 0xf3, 0x4f, 0x50, 0x0,
    0x6f, 0x34, 0xf5, 0x0, 0x6, 0xf3, 0x4f, 0x50,
    0x0, 0x6f, 0x34, 0xf5, 0x0, 0x6, 0xf3,

    /* U+0069 "i" */
    0x0, 0x3, 0xf6, 0x0, 0x0, 0x0, 0x3f, 0x60,
    0x0, 0x0, 0x0, 0x0, 0x0, 0x0, 0x0, 0x0,
    0x0, 0x0, 0xc, 0xff, 0xf6, 0x0, 0x0, 0x34,
    0x6f, 0x60, 0x0, 0x0, 0x3, 0xf6, 0x0, 0x0,
    0x0, 0x3f, 0x60, 0x0, 0x0, 0x3, 0xf6, 0x0,
    0x0, 0x0, 0x3f, 0x60, 0x0, 0x0, 0x3, 0xf6,
    0x0, 0x0, 0x0, 0x3f, 0x60, 0x0, 0x14, 0x46,
    0xf8, 0x44, 0x27, 0xff, 0xff, 0xff, 0xf9,

    /* U+006A "j" */
    0x0, 0x0, 0xbe, 0x0, 0x0, 0xbe, 0x0, 0x0,
    0x0, 0x0, 0x0, 0x0, 0x8, 0xff, 0xfe, 0x2,
    0x44, 0xce, 0x0, 0x0, 0xbe, 0x0, 0x0, 0xbe,
    0x0, 0x0, 0xbe, 0x0, 0x0, 0xbe, 0x0, 0x0,
    0xbe, 0x0, 0x0, 0xbe, 0x0, 0x0, 0xbe, 0x0,
    0x0, 0xbe, 0x0, 0x0, 0xbd, 0x0, 0x0, 0xeb,
    0x25, 0x5a, 0xf5, 0x5f, 0xfe, 0x70,

    /* U+006B "k" */
    0xec, 0x0, 0x0, 0x0, 0xe, 0xc0, 0x0, 0x0,
    0x0, 0xec, 0x0, 0x0, 0x0, 0xe, 0xc0, 0x0,
    0x0, 0x0, 0xec, 0x0, 0x8, 0xf7, 0xe, 0xc0,
    0x8, 0xf6, 0x0, 0xec, 0x8, 0xf6, 0x0, 0xe,
    0xc9, 0xf6, 0x0, 0x0, 0xef, 0xff, 0x90, 0x0,
    0xe, 0xf4, 0x9f, 0x50, 0x0, 0xec, 0x0, 0xde,
    0x10, 0xe, 0xc0, 0x3, 0xfc, 0x0, 0xec, 0x0,
    0x7, 0xf7, 0xe, 0xc0, 0x0, 0xc, 0xf3,

    /* U+006C "l" */
    0x9f, 0xff, 0x90, 0x0, 0x2, 0x44, 0xf9, 0x0,
    0x0, 0x0, 0xf, 0x90, 0x0, 0x0, 0x0, 0xf9,
    0x0, 0x0, 0x0, 0xf, 0x90, 0x0, 0x0, 0x0,
    0xf9, 0x0, 0x0, 0x0, 0xf, 0x90, 0x0, 0x0,
    0x0, 0xf9, 0x0, 0x0, 0x0, 0xf, 0x90, 0x0,
    0x0, 0x0, 0xf9, 0x0, 0x0, 0x0, 0xf, 0xa0,
    0x0, 0x0, 0x0, 0xdc, 0x0, 0x0, 0x0, 0x7,
    0xf9, 0x55, 0x0, 0x0, 0x9, 0xef, 0xf1,

    /* U+006D "m" */
    0xf, 0x8d, 0xf6, 0x7f, 0xd2, 0xf, 0xe6, 0xcf,
    0xc6, 0xea, 0xf, 0x80, 0x6f, 0x40, 0x9d, 0xf,
    0x70, 0x4f, 0x30, 0x8f, 0xf, 0x60, 0x4f, 0x30,
    0x8f, 0xf, 0x60, 0x4f, 0x30, 0x8f, 0xf, 0x60,
    0x4f, 0x30, 0x8f, 0xf, 0x60, 0x4f, 0x30, 0x8f,
    0xf, 0x60, 0x4f, 0x30, 0x8f, 0xf, 0x60, 0x4f,
    0x30, 0x8f,

    /* U+006E "n" */
    0x4f, 0x69, 0xef, 0xb1, 0x4, 0xfe, 0x83, 0x5f,
    0xc0, 0x4f, 0xb0, 0x0, 0x9f, 0x14, 0xf6, 0x0,
    0x6, 0xf3, 0x4f, 0x50, 0x0, 0x6f, 0x34, 0xf5,
    0x0, 0x6, 0xf3, 0x4f, 0x50, 0x0, 0x6f, 0x34,
    0xf5, 0x0, 0x6, 0xf3, 0x4f, 0x50, 0x0, 0x6f,
    0x34, 0xf5, 0x0, 0x6, 0xf3,

    /* U+006F "o" */
    0x1, 0x9e, 0xfd, 0x80, 0x0, 0xdf, 0x96, 0xaf,
    0xa0, 0x6f, 0x70, 0x0, 0xaf, 0x3a, 0xf1, 0x0,
    0x4, 0xf7, 0xcf, 0x0, 0x0, 0x2f, 0x9c, 0xf0,
    0x0, 0x2, 0xf9, 0xaf, 0x10, 0x0, 0x4f, 0x76,
    0xf7, 0x0, 0xa, 0xf3, 0xd, 0xf9, 0x6a, 0xfa,
    0x0, 0x19, 0xef, 0xd8, 0x0,

    /* U+0070 "p" */
    0x5f, 0x6b, 0xfe, 0xa1, 0x5, 0xff, 0x83, 0x5e,
    0xc0, 0x5f, 0xb0, 0x0, 0x6f, 0x55, 0xf6, 0x0,
    0x1, 0xf9, 0x5f, 0x50, 0x0, 0xf, 0xb5, 0xf5,
    0x0, 0x0, 0xfb, 0x5f, 0x70, 0x0, 0x2f, 0x95,
    0xfd, 0x0, 0x8, 0xf5, 0x5f, 0xec, 0x69, 0xfc,
    0x5, 0xf5, 0xaf, 0xfa, 0x10, 0x5f, 0x40, 0x0,
    0x0, 0x5, 0xf4, 0x0, 0x0, 0x0, 0x5f, 0x40,
    0x0, 0x0, 0x5, 0xf4, 0x0, 0x0, 0x0,

    /* U+0071 "q" */
    0x1, 0xaf, 0xf9, 0x6f, 0x40, 0xdf, 0x86, 0xce,
    0xf4, 0x6f, 0x70, 0x0, 0xdf, 0x4a, 0xf1, 0x0,
    0x8, 0xf4, 0xcf, 0x0, 0x0, 0x6f, 0x4c, 0xf0,
    0x0, 0x6, 0xf4, 0xaf, 0x10, 0x0, 0x8f, 0x46,
    0xf7, 0x0, 0xd, 0xf4, 0xd, 0xf8, 0x6c, 0xef,
    0x40, 0x1a, 0xff, 0x96, 0xf4, 0x0, 0x0, 0x0,
    0x5f, 0x40, 0x0, 0x0, 0x5, 0xf4, 0x0, 0x0,
    0x0, 0x5f, 0x40, 0x0, 0x0, 0x5, 0xf4,

    /* U+0072 "r" */
    0xdd, 0x1a, 0xef, 0xc1, 0xdd, 0xd9, 0x55, 0xa2,
    0xdf, 0x70, 0x0, 0x0, 0xdf, 0x0, 0x0, 0x0,
    0xdd, 0x0, 0x0, 0x0, 0xdd, 0x0, 0x0, 0x0,
    0xdd, 0x0, 0x0, 0x0, 0xdd, 0x0, 0x0, 0x0,
    0xdd, 0x0, 0x0, 0x0, 0xdd, 0x0, 0x0, 0x0,

    /* U+0073 "s" */
    0x1, 0x9d, 0xfe, 0xb4, 0x0, 0xbf, 0x85, 0x7b,
    0x80, 0xf, 0x90, 0x0, 0x0, 0x0, 0xfc, 0x10,
    0x0, 0x0, 0x6, 0xff, 0xc9, 0x40, 0x0, 0x1,
    0x6a, 0xef, 0x80, 0x0, 0x0, 0x0, 0xcf, 0x0,
    0x0, 0x0, 0xb, 0xf0, 0x2f, 0x97, 0x69, 0xf9,
    0x0, 0x9d, 0xff, 0xd7, 0x0,

    /* U+0074 "t" */
    0x0, 0x18, 0x30, 0x0, 0x0, 0x3, 0xf6, 0x0,
    0x0, 0x0, 0x3f, 0x60, 0x0, 0xd, 0xff, 0xff,
    0xff, 0xf1, 0x34, 0x6f, 0x84, 0x44, 0x0, 0x3,
    0xf6, 0x0, 0x0, 0x0, 0x3f, 0x60, 0x0, 0x0,
    0x3, 0xf6, 0x0, 0x0, 0x0, 0x3f, 0x60, 0x0,
    0x0, 0x3, 0xf6, 0x0, 0x0, 0x0, 0x2f, 0x70,
    0x0, 0x0, 0x0, 0xee, 0x64, 0x40, 0x0, 0x3,
    0xcf, 0xff, 0x10,

    /* U+0075 "u" */
    0x4f, 0x50, 0x0, 0x6f, 0x34, 0xf5, 0x0, 0x6,
    0xf3, 0x4f, 0x50, 0x0, 0x6f, 0x34, 0xf5, 0x0,
    0x6, 0xf3, 0x4f, 0x50, 0x0, 0x6f, 0x34, 0xf5,
    0x0, 0x6, 0xf3, 0x4f, 0x50, 0x0, 0x8f, 0x32,
    0xf9, 0x0, 0xd, 0xf3, 0xd, 0xf9, 0x7c, 0xdf,
    0x30, 0x2b, 0xfe, 0x76, 0xf3,

    /* U+0076 "v" */
    0xe, 0xb0, 0x0, 0x0, 0xec, 0x9, 0xf1, 0x0,
    0x3, 0xf6, 0x4, 0xf6, 0x0, 0x9, 0xf1, 0x0,
    0xec, 0x0, 0xe, 0xb0, 0x0, 0x8f, 0x10, 0x4f,
    0x60, 0x0, 0x3f, 0x60, 0x9f, 0x0, 0x0, 0xd,
    0xc0, 0xea, 0x0, 0x0, 0x8, 0xf6, 0xf5, 0x0,
    0x0, 0x2, 0xff, 0xf0, 0x0, 0x0, 0x0, 0xcf,
    0xa0, 0x0,

    /* U+0077 "w" */
    0xeb, 0x0, 0x0, 0x0, 0xd, 0xba, 0xe0, 0x0,
    0x0, 0x1, 0xf7, 0x6f, 0x10, 0x1, 0x0, 0x4f,
    0x43, 0xf5, 0x7, 0xf4, 0x8, 0xf0, 0xf, 0x80,
    0xbe, 0x80, 0xbc, 0x0, 0xbc, 0xf, 0x6d, 0xe,
    0x90, 0x8, 0xf4, 0xd0, 0xf3, 0xf5, 0x0, 0x4f,
    0xb8, 0xb, 0xbf, 0x10, 0x0, 0xff, 0x40, 0x7f,
    0xe0, 0x0, 0xd, 0xf0, 0x2, 0xfa, 0x0,

    /* U+0078 "x" */
    0x9, 0xf3, 0x0, 0x5, 0xf7, 0x0, 0xd, 0xd0,
    0x2, 0xfb, 0x0, 0x0, 0x2f, 0x90, 0xce, 0x10,
    0x0, 0x0, 0x6f, 0xbf, 0x40, 0x0, 0x0, 0x0,
    0xbf, 0x80, 0x0, 0x0, 0x0, 0x1e, 0xfc, 0x0,
    0x0, 0x0, 0xb, 0xe5, 0xf9, 0x0, 0x0, 0x7,
    0xf5, 0x7, 0xf5, 0x0, 0x3, 0xf9, 0x0, 0xc,
    0xe1, 0x1, 0xed, 0x0, 0x0, 0x1f, 0xc0,

    /* U+0079 "y" */
    0xe, 0xc0, 0x0, 0x0, 0xce, 0x0, 0x8f, 0x20,
    0x0, 0x2f, 0x90, 0x2, 0xf8, 0x0, 0x7, 0xf3,
    0x0, 0xc, 0xe0, 0x0, 0xdd, 0x0, 0x0, 0x5f,
    0x40, 0x3f, 0x70, 0x0, 0x0, 0xfa, 0x9, 0xf1,
    0x0, 0x0, 0x9, 0xf1, 0xeb, 0x0, 0x0, 0x0,
    0x3f, 0xaf, 0x50, 0x0, 0x0, 0x0, 0xdf, 0xe0,
    0x0, 0x0, 0x0, 0x7, 0xf9, 0x0, 0x0, 0x0,
    0x0, 0x7f, 0x30, 0x0, 0x0, 0x0, 0xd, 0xd0,
    0x0, 0x0, 0x2, 0x5a, 0xf5, 0x0, 0x0, 0x0,
    0x6f, 0xe7, 0x0, 0x0, 0x0,

    /* U+007A "z" */
    0xf, 0xff, 0xff, 0xff, 0x20, 0x44, 0x44, 0x4e,
    0xf1, 0x0, 0x0, 0x8, 0xf5, 0x0, 0x0, 0x4,
    0xf8, 0x0, 0x0, 0x2, 0xfb, 0x0, 0x0, 0x0,
    0xde, 0x10, 0x0, 0x0, 0xaf, 0x30, 0x0, 0x0,
    0x6f, 0x60, 0x0, 0x0, 0x2f, 0xd5, 0x55, 0x55,
    0x3, 0xff, 0xff, 0xff, 0xf2,

    /* U+007B "{" */
    0x0, 0x0, 0x5c, 0xfe, 0x0, 0x1, 0xfd, 0x53,
    0x0, 0x4, 0xf6, 0x0, 0x0, 0x5, 0xf4, 0x0,
    0x0, 0x5, 0xf4, 0x0, 0x0, 0x5, 0xf4, 0x0,
    0x0, 0x7, 0xf3, 0x0, 0x0, 0x3d, 0xe0, 0x0,
    0x1f, 0xfe, 0x30, 0x0, 0x3, 0x6e, 0xd0, 0x0,
    0x0, 0x7, 0xf3, 0x0, 0x0, 0x5, 0xf4, 0x0,
    0x0, 0x5, 0xf4, 0x0, 0x0, 0x5, 0xf5, 0x0,
    0x0, 0x3, 0xfa, 0x10, 0x0, 0x0, 0xaf, 0xfe,
    0x0, 0x0, 0x1, 0x23,

    /* U+007C "|" */
    0x5f, 0x25, 0xf2, 0x5f, 0x25, 0xf2, 0x5f, 0x25,
    0xf2, 0x5f, 0x25, 0xf2, 0x5f, 0x25, 0xf2, 0x5f,
    0x25, 0xf2, 0x5f, 0x25, 0xf2, 0x5f, 0x25, 0xf2,
    0x5f, 0x25, 0xf2,

    /* U+007D "}" */
    0x1f, 0xfc, 0x30, 0x0, 0x3, 0x5e, 0xe0, 0x0,
    0x0, 0x8, 0xf1, 0x0, 0x0, 0x7, 0xf2, 0x0,
    0x0, 0x7, 0xf2, 0x0, 0x0, 0x7, 0xf2, 0x0,
    0x0, 0x6, 0xf4, 0x0, 0x0, 0x2, 0xfb, 0x20,
    0x0, 0x0, 0x5f, 0xfe, 0x0, 0x2, 0xfd, 0x53,
    0x0, 0x6, 0xf4, 0x0, 0x0, 0x7, 0xf2, 0x0,
    0x0, 0x7, 0xf2, 0x0, 0x0, 0x8, 0xf2, 0x0,
    0x0, 0x2c, 0xf0, 0x0, 0x1f, 0xff, 0x70, 0x0,
    0x3, 0x20, 0x0, 0x0,

    /* U+007E "~" */
    0x0, 0x1, 0x0, 0x0, 0x0, 0x0, 0xaf, 0xff,
    0xa5, 0x25, 0xc1, 0x3d, 0x75, 0x8d, 0xff, 0xfb,
    0x0, 0x0, 0x0, 0x2, 0x42, 0x0,

    /* U+00A0 " " */

    /* U+00A1 "¡" */
    0x7f, 0x57, 0xf5, 0x13, 0x10, 0x0, 0x4d, 0x25,
    0xf3, 0x6f, 0x47, 0xf4, 0x7f, 0x57, 0xf5, 0x7f,
    0x57, 0xf5, 0x7f, 0x50,

    /* U+00A2 "¢" */
    0x0, 0x0, 0x6, 0x0, 0x0, 0x0, 0x0, 0xd0,
    0x0, 0x0, 0x0, 0xd, 0x0, 0x0, 0x1, 0x9e,
    0xfe, 0xb2, 0x1, 0xdf, 0x8e, 0x7b, 0x50, 0x9f,
    0x40, 0xd0, 0x0, 0xe, 0xc0, 0xd, 0x0, 0x1,
    0xf9, 0x0, 0xd0, 0x0, 0x1f, 0x90, 0xd, 0x0,
    0x0, 0xec, 0x0, 0xd0, 0x0, 0x9, 0xf4, 0xd,
    0x0, 0x0, 0x1d, 0xf8, 0xe6, 0xa4, 0x0, 0x19,
    0xef, 0xeb, 0x20, 0x0, 0x0, 0xd0, 0x0, 0x0,
    0x0, 0xd, 0x0, 0x0, 0x0, 0x0, 0x60, 0x0,

    /* U+00A3 "£" */
    0x0, 0x2, 0xbe, 0xfd, 0x50, 0x2, 0xff, 0x86,
    0x88, 0x0, 0x8f, 0x60, 0x0, 0x0, 0xa, 0xf2,
    0x0, 0x0, 0x0, 0xbf, 0x0, 0x0, 0x0, 0xb,
    0xf1, 0x0, 0x0, 0x7f, 0xff, 0xff, 0xf5, 0x1,
    0x3c, 0xf4, 0x33, 0x10, 0x0, 0xbf, 0x0, 0x0,
    0x0, 0xb, 0xf0, 0x0, 0x0, 0x0, 0xbf, 0x0,
    0x0, 0x6, 0x7d, 0xf8, 0x77, 0x76, 0xcf, 0xff,
    0xff, 0xff, 0xc0,

    /* U+00A4 "¤" */
    0x9, 0x20, 0x0, 0x7, 0x40, 0xae, 0xae, 0xca,
    0xe2, 0x0, 0xea, 0x35, 0xf5, 0x0, 0x2f, 0x0,
    0x8, 0xa0, 0x3, 0xe0, 0x0, 0x7a, 0x0, 0xe,
    0x80, 0x2e, 0x50, 0x6, 0xfd, 0xff, 0xcd, 0x10,
    0xc3, 0x1, 0x0, 0xb5, 0x0, 0x0, 0x0, 0x0,
    0x0,

    /* U+00A5 "¥" */
    0x6f, 0x70, 0x0, 0x0, 0xaf, 0x30, 0xdf, 0x10,
    0x0, 0x3f, 0xa0, 0x4, 0xf9, 0x0, 0xb, 0xf1,
    0x0, 0xb, 0xf2, 0x4, 0xf7, 0x0, 0x0, 0x2f,
    0xa0, 0xdd, 0x0, 0x0, 0xff, 0xff, 0x9f, 0xff,
    0xc0, 0x0, 0x0, 0xcf, 0x90, 0x0, 0x0, 0xff,
    0xff, 0xff, 0xff, 0xc0, 0x0, 0x0, 0x7f, 0x40,
    0x0, 0x0, 0x0, 0x7, 0xf4, 0x0, 0x0, 0x0,
    0x0, 0x7f, 0x40, 0x0, 0x0, 0x0, 0x7, 0xf4,
    0x0, 0x0, 0x0, 0x0, 0x7f, 0x40, 0x0, 0x0,

    /* U+00A6 "¦" */
    0x39, 0x15, 0xf2, 0x5f, 0x25, 0xf2, 0x5f, 0x25,
    0xf2, 0x5f, 0x20, 0x0, 0x0, 0x3, 0x91, 0x5f,
    0x25, 0xf2, 0x5f, 0x25, 0xf2, 0x5f, 0x25, 0xf2,

    /* U+00A7 "§" */
    0x0, 0x6d, 0xfe, 0xb1, 0x0, 0x5f, 0xa4, 0x5a,
    0x30, 0x9, 0xf0, 0x0, 0x0, 0x0, 0x6f, 0x70,
    0x0, 0x0, 0x0, 0xef, 0xb2, 0x0, 0x0, 0xbd,
    0x7e, 0xf7, 0x0, 0x2f, 0x40, 0x9, 0xf9, 0x2,
    0xf6, 0x0, 0xa, 0xf0, 0xb, 0xf5, 0x0, 0x6f,
    0x0, 0xa, 0xfb, 0x4d, 0x90, 0x0, 0x4, 0xdf,
    0xc0, 0x0, 0x0, 0x0, 0xbf, 0x40, 0x0, 0x0,
    0x2, 0xf7, 0x0, 0x55, 0x11, 0x9f, 0x40, 0x6,
    0xff, 0xff, 0x70, 0x0, 0x0, 0x22, 0x0, 0x0,

    /* U+00A8 "¨" */
    0x2c, 0x70, 0x9c, 0x3, 0xf9, 0xc, 0xf0,

    /* U+00A9 "©" */
    0x0, 0x19, 0xde, 0xd8, 0x10, 0x0, 0x4d, 0x61,
    0x1, 0x7d, 0x20, 0x2d, 0x23, 0xbd, 0xd5, 0x3d,
    0x9, 0x63, 0xf4, 0x0, 0x30, 0x87, 0xd0, 0xa9,
    0x0, 0x0, 0x3, 0xbe, 0xc, 0x60, 0x0, 0x0,
    0x1d, 0xd0, 0xa8, 0x0, 0x0, 0x3, 0xb9, 0x63,
    0xf4, 0x0, 0x20, 0x86, 0x2d, 0x24, 0xbd, 0xd5,
    0x4d, 0x0, 0x4d, 0x61, 0x1, 0x7d, 0x20, 0x0,
    0x18, 0xde, 0xc7, 0x0, 0x0,

    /* U+00AA "ª" */
    0xa, 0xef, 0xc3, 0x0, 0x82, 0x19, 0xe0, 0x0,
    0x0, 0xf, 0x40, 0x6c, 0xef, 0xf5, 0x5f, 0x52,
    0x2e, 0x69, 0xb0, 0x1, 0xf6, 0x7e, 0x33, 0xbf,
    0x60, 0xaf, 0xe6, 0xe6, 0x2, 0x22, 0x22, 0x6,
    0xff, 0xff, 0xf7,

    /* U+00AB "«" */
    0x0, 0x0, 0x0, 0x0, 0x0, 0x0, 0xa2, 0x0,
    0xa2, 0x0, 0xbe, 0x11, 0xbe, 0x11, 0xdd, 0x11,
    0xdd, 0x10, 0xdd, 0x10, 0xed, 0x10, 0x8, 0xf5,
    0x8, 0xf5, 0x0, 0x6, 0xf7, 0x6, 0xf7, 0x0,
    0x4, 0xf2, 0x5, 0xf2, 0x0, 0x3, 0x10, 0x3,
    0x10,

    /* U+00AC "¬" */
    0x18, 0x88, 0x88, 0x88, 0x88, 0x3, 0xff, 0xff,
    0xff, 0xff, 0xf1, 0x0, 0x0, 0x0, 0x0, 0x6f,
    0x10, 0x0, 0x0, 0x0, 0x6, 0xf1, 0x0, 0x0,
    0x0, 0x0, 0x6f, 0x10,

    /* U+00AD "­" */
    0x12, 0x22, 0x1e, 0xff, 0xfb, 0x45, 0x55, 0x30,

    /* U+00AE "®" */
    0x0, 0x19, 0xde, 0xd8, 0x10, 0x0, 0x4d, 0x61,
    0x1, 0x7d, 0x20, 0x2d, 0x2b, 0xcb, 0xa2, 0x3d,
    0x9, 0x60, 0xd5, 0x7, 0xb0, 0x87, 0xd0, 0xd,
    0x50, 0x7b, 0x3, 0xbe, 0x0, 0xdd, 0xec, 0x20,
    0x1d, 0xd0, 0xd, 0x52, 0xe2, 0x3, 0xb9, 0x60,
    0xd5, 0x7, 0xc0, 0x86, 0x2d, 0x26, 0x20, 0x7,
    0x5d, 0x0, 0x4d, 0x61, 0x1, 0x7d, 0x20, 0x0,
    0x18, 0xde, 0xc7, 0x0, 0x0,

    /* U+00AF "¯" */
    0x1, 0x11, 0x11, 0x3, 0xff, 0xff, 0xf0, 0x3,
    0x33, 0x33, 0x0,

    /* U+00B0 "°" */
    0x3, 0xce, 0xb2, 0x1, 0xf7, 0x39, 0xd0, 0x5c,
    0x0, 0xf, 0x22, 0xf3, 0x6, 0xe0, 0x6, 0xff,
    0xe4, 0x0, 0x0, 0x10, 0x0,

    /* U+00B1 "±" */
    0x0, 0x0, 0x14, 0x0, 0x0, 0x0, 0x0, 0x5,
    0xf2, 0x0, 0x0, 0x0, 0x0, 0x5f, 0x20, 0x0,
    0x0, 0x22, 0x26, 0xf4, 0x22, 0x20, 0x3f, 0xff,
    0xff, 0xff, 0xff, 0x11, 0x55, 0x58, 0xf6, 0x55,
    0x50, 0x0, 0x0, 0x5f, 0x20, 0x0, 0x0, 0x0,
    0x5, 0xf2, 0x0, 0x0, 0x0, 0x0, 0x0, 0x0,
    0x0, 0x1, 0x77, 0x77, 0x77, 0x77, 0x70, 0x3f,
    0xff, 0xff, 0xff, 0xff, 0x10,

    /* U+00B2 "²" */
    0xb, 0xee, 0xa1, 0x16, 0x12, 0xd9, 0x0, 0x0,
    0x9b, 0x0, 0x1, 0xe5, 0x0, 0xc, 0x80, 0x0,
    0xba, 0x0, 0xa, 0xb0, 0x0, 0x2f, 0xff, 0xfd,

    /* U+00B3 "³" */
    0xa, 0xef, 0xc2, 0x0, 0x30, 0x1a, 0xc0, 0x0,
    0x0, 0xad, 0x0, 0xb, 0xfe, 0x20, 0x0, 0x1,
    0xab, 0x0, 0x0, 0x4, 0xf1, 0x14, 0x1, 0xae,
    0x1, 0xcf, 0xeb, 0x30,

    /* U+00B4 "´" */
    0x0, 0x47, 0x10, 0x1f, 0x90, 0xc, 0xb0, 0x7,
    0xd1, 0x0,

    /* U+00B5 "µ" */
    0x4f, 0x50, 0x0, 0x6f, 0x30, 0x4f, 0x50, 0x0,
    0x6f, 0x30, 0x4f, 0x50, 0x0, 0x6f, 0x30, 0x4f,
    0x50, 0x0, 0x6f, 0x30, 0x4f, 0x50, 0x0, 0x6f,
    0x30, 0x4f, 0x50, 0x0, 0x6f, 0x30, 0x4f, 0x60,
    0x0, 0x7f, 0x30, 0x4f, 0xa0, 0x0, 0xcf, 0x30,
    0x4f, 0xfa, 0x7b, 0xef, 0xa3, 0x4f, 0x5c, 0xfc,
    0x2b, 0xe4, 0x4f, 0x30, 0x0, 0x0, 0x0, 0x4f,
    0x30, 0x0, 0x0, 0x0, 0x4f, 0x30, 0x0, 0x0,
    0x0, 0x4f, 0x30, 0x0, 0x0, 0x0,

    /* U+00B6 "¶" */
    0x0, 0x3b, 0xef, 0xff, 0xf0, 0x5, 0xff, 0xff,
    0x33, 0xf0, 0xe, 0xff, 0xff, 0x23, 0xf0, 0xf,
    0xff, 0xff, 0x23, 0xf0, 0xf, 0xff, 0xff, 0x23,
    0xf0, 0x8, 0xff, 0xff, 0x23, 0xf0, 0x0, 0x7f,
    0xff, 0x23, 0xf0, 0x0, 0x0, 0x4f, 0x23, 0xf0,
    0x0, 0x0, 0x1f, 0x23, 0xf0, 0x0, 0x0, 0x1f,
    0x23, 0xf0, 0x0, 0x0, 0x1f, 0x23, 0xf0, 0x0,
    0x0, 0x1f, 0x23, 0xf0, 0x0, 0x0, 0x1f, 0x23,
    0xf0, 0x0, 0x0, 0x1f, 0x23, 0xf0, 0x0, 0x0,
    0x9, 0x11, 0x90,

    /* U+00B7 "·" */
    0x7a, 0x5b, 0xf8, 0xbf, 0x80,

    /* U+00B8 "¸" */
    0x0, 0x41, 0x0, 0x6, 0xb0, 0x10, 0x4f, 0x8,
    0xff, 0xb0, 0x1, 0x10, 0x0,

    /* U+00B9 "¹" */
    0xbe, 0xf4, 0x0, 0x63, 0xf4, 0x0, 0x0, 0xf4,
    0x0, 0x0, 0xf4, 0x0, 0x0, 0xf4, 0x0, 0x0,
    0xf4, 0x0, 0x0, 0xf4, 0x0, 0xdf, 0xff, 0xf0,

    /* U+00BA "º" */
    0x5, 0xdf, 0xc3, 0x3, 0xf6, 0x29, 0xe1, 0xab,
    0x0, 0xe, 0x7c, 0x80, 0x0, 0xb9, 0xc8, 0x0,
    0xb, 0x9a, 0xb0, 0x0, 0xe7, 0x3f, 0x62, 0x9f,
    0x10, 0x5d, 0xfc, 0x30, 0x12, 0x22, 0x22, 0x9,
    0xff, 0xff, 0xf6,

    /* U+00BB "»" */
    0x0, 0x0, 0x0, 0x0, 0x4, 0x80, 0x4, 0x80,
    0x0, 0x2f, 0xa0, 0x2f, 0xa0, 0x0, 0x3e, 0xb0,
    0x3e, 0xb0, 0x0, 0x1e, 0xb0, 0x2e, 0xb0, 0x7,
    0xf6, 0x8, 0xf6, 0x9, 0xf4, 0x9, 0xf4, 0x4,
    0xe3, 0x4, 0xe3, 0x0, 0x32, 0x0, 0x32, 0x0,
    0x0,

    /* U+00BC "¼" */
    0x0, 0x0, 0x0, 0x0, 0x0, 0x2c, 0xff, 0x0,
    0x0, 0x0, 0x12, 0x4f, 0x0, 0x0, 0x0, 0x0,
    0x4f, 0x0, 0x0, 0x0, 0x0, 0x4f, 0x0, 0x0,
    0x0, 0x0, 0x4f, 0x0, 0x0, 0x0, 0x0, 0x4f,
    0x0, 0x0, 0x0, 0x1f, 0xff, 0xfb, 0x0, 0x33,
    0x0, 0x0, 0x37, 0xbe, 0xc6, 0x37, 0xbe, 0xc8,
    0x41, 0x0, 0x78, 0x40, 0x0, 0x1b, 0x60, 0x0,
    0x0, 0x0, 0xad, 0x90, 0x0, 0x0, 0x6, 0xaa,
    0x90, 0x0, 0x0, 0x1d, 0x1a, 0x90, 0x0, 0x0,
    0xb4, 0xa, 0x90, 0x0, 0x0, 0xff, 0xff, 0xf9,
    0x0, 0x0, 0x0, 0xa, 0x90, 0x0, 0x0, 0x0,
    0x4, 0x40,

    /* U+00BD "½" */
    0x2c, 0xff, 0x0, 0x0, 0x0, 0x12, 0x4f, 0x0,
    0x0, 0x0, 0x0, 0x4f, 0x0, 0x0, 0x0, 0x0,
    0x4f, 0x0, 0x0, 0x0, 0x0, 0x4f, 0x0, 0x0,
    0x0, 0x0, 0x4f, 0x0, 0x0, 0x0, 0x1f, 0xff,
    0xfb, 0x0, 0x13, 0x0, 0x0, 0x1, 0x6c, 0xf9,
    0x0, 0x16, 0xcf, 0xb6, 0x10, 0x5c, 0xfa, 0x50,
    0x0, 0x0, 0x54, 0x0, 0x2c, 0xee, 0x80, 0x0,
    0x0, 0x23, 0x2, 0xe6, 0x0, 0x0, 0x0, 0x0,
    0xe6, 0x0, 0x0, 0x0, 0x9, 0xb0, 0x0, 0x0,
    0x0, 0xaa, 0x0, 0x0, 0x0, 0xc, 0x90, 0x0,
    0x0, 0x0, 0x6f, 0xff, 0xf9,

    /* U+00BE "¾" */
    0xa, 0xee, 0xc3, 0x0, 0x0, 0x3, 0x0, 0xad,
    0x0, 0x0, 0x0, 0x0, 0xaa, 0x0, 0x0, 0x0,
    0xaf, 0xe4, 0x0, 0x0, 0x0, 0x0, 0x7f, 0x0,
    0x0, 0x2, 0x0, 0x8f, 0x0, 0x0, 0x1c, 0xee,
    0xb3, 0x1, 0x55, 0x0, 0x1, 0x59, 0xde, 0xb5,
    0x49, 0xde, 0xb7, 0x30, 0x0, 0x67, 0x30, 0x0,
    0x1c, 0x70, 0x0, 0x0, 0x0, 0xbd, 0x90, 0x0,
    0x0, 0x6, 0x9a, 0x90, 0x0, 0x0, 0x2d, 0xa,
    0x90, 0x0, 0x0, 0xb4, 0xa, 0x90, 0x0, 0x0,
    0xff, 0xff, 0xf9, 0x0, 0x0, 0x0, 0xa, 0x90,
    0x0, 0x0, 0x0, 0x4, 0x40,

    /* U+00BF "¿" */
    0x0, 0x3, 0xf8, 0x0, 0x0, 0x3, 0xf8, 0x0,
    0x0, 0x0, 0x31, 0x0, 0x0, 0x1, 0x63, 0x0,
    0x0, 0x2, 0xf8, 0x0, 0x0, 0x3, 0xf7, 0x0,
    0x0, 0x9, 0xf3, 0x0, 0x0, 0x7f, 0xa0, 0x0,
    0x5, 0xfb, 0x0, 0x0, 0x1f, 0xd0, 0x0, 0x0,
    0x4f, 0x80, 0x0, 0x0, 0x2f, 0xb0, 0x0, 0x5,
    0xb, 0xfb, 0x79, 0xeb, 0x1, 0x9e, 0xfd, 0x81,

    /* U+00C0 "À" */
    0x0, 0x3, 0x71, 0x0, 0x0, 0x0, 0x0, 0xa,
    0xc0, 0x0, 0x0, 0x0, 0x0, 0x7, 0x30, 0x0,
    0x0, 0x0, 0x0, 0x0, 0x0, 0x0, 0x0, 0x0,
    0xdf, 0xa0, 0x0, 0x0, 0x0, 0x1f, 0xdf, 0x0,
    0x0, 0x0, 0x6, 0xf4, 0xf4, 0x0, 0x0, 0x0,
    0xbc, 0xe, 0x90, 0x0, 0x0, 0x1f, 0x80, 0xae,
    0x0, 0x0, 0x5, 0xf3, 0x6, 0xf3, 0x0, 0x0,
    0xae, 0x0, 0x1f, 0x80, 0x0, 0xf, 0xb1, 0x11,
    0xdd, 0x0, 0x4, 0xff, 0xff, 0xff, 0xf1, 0x0,
    0x9f, 0x54, 0x44, 0x7f, 0x60, 0xe, 0xc0, 0x0,
    0x0, 0xfb, 0x3, 0xf8, 0x0, 0x0, 0xb, 0xf1,
    0x8f, 0x40, 0x0, 0x0, 0x7f, 0x50,

    /* U+00C1 "Á" */
    0x0, 0x0, 0x2, 0x82, 0x0, 0x0, 0x0, 0x1,
    0xd8, 0x0, 0x0, 0x0, 0x0, 0x46, 0x0, 0x0,
    0x0, 0x0, 0x0, 0x0, 0x0, 0x0, 0x0, 0x0,
    0xdf, 0xa0, 0x0, 0x0, 0x0, 0x1f, 0xdf, 0x0,
    0x0, 0x0, 0x6, 0xf4, 0xf4, 0x0, 0x0, 0x0,
    0xbc, 0xe, 0x90, 0x0, 0x0, 0x1f, 0x80, 0xae,
    0x0, 0x0, 0x5, 0xf3, 0x6, 0xf3, 0x0, 0x0,
    0xae, 0x0, 0x1f, 0x80, 0x0, 0xf, 0xb1, 0x11,
    0xdd, 0x0, 0x4, 0xff, 0xff, 0xff, 0xf1, 0x0,
    0x9f, 0x54, 0x44, 0x7f, 0x60, 0xe, 0xc0, 0x0,
    0x0, 0xfb, 0x3, 0xf8, 0x0, 0x0, 0xb, 0xf1,
    0x8f, 0x40, 0x0, 0x0, 0x7f, 0x50,

    /* U+00C2 "Â" */
    0x0, 0x0, 0x58, 0x30, 0x0, 0x0, 0x0, 0x5e,
    0x6e, 0x30, 0x0, 0x0, 0x7, 0x10, 0x36, 0x0,
    0x0, 0x0, 0x0, 0x0, 0x0, 0x0, 0x0, 0x0,
    0xdf, 0xa0, 0x0, 0x0, 0x0, 0x1f, 0xdf, 0x0,
    0x0, 0x0, 0x6, 0xf4, 0xf4, 0x0, 0x0, 0x0,
    0xbc, 0xe, 0x90, 0x0, 0x0, 0x1f, 0x80, 0xae,
    0x0, 0x0, 0x5, 0xf3, 0x6, 0xf3, 0x0, 0x0,
    0xae, 0x0, 0x1f, 0x80, 0x0, 0xf, 0xb1, 0x11,
    0xdd, 0x0, 0x4, 0xff, 0xff, 0xff, 0xf1, 0x0,
    0x9f, 0x54, 0x44, 0x7f, 0x60, 0xe, 0xc0, 0x0,
    0x0, 0xfb, 0x3, 0xf8, 0x0, 0x0, 0xb, 0xf1,
    0x8f, 0x40, 0x0, 0x0, 0x7f, 0x50,

    /* U+00C3 "Ã" */
    0x0, 0xb, 0xd7, 0xd, 0x30, 0x0, 0x6, 0xc3,
    0xbf, 0xc0, 0x0, 0x0, 0x1, 0x0, 0x10, 0x0,
    0x0, 0x0, 0x0, 0x0, 0x0, 0x0, 0x0, 0x0,
    0xdf, 0xa0, 0x0, 0x0, 0x0, 0x1f, 0xdf, 0x0,
    0x0, 0x0, 0x6, 0xf4, 0xf4, 0x0, 0x0, 0x0,
    0xbc, 0xe, 0x90, 0x0, 0x0, 0x1f, 0x80, 0xae,
    0x0, 0x0, 0x5, 0xf3, 0x6, 0xf3, 0x0, 0x0,
    0xae, 0x0, 0x1f, 0x80, 0x0, 0xf, 0xb1, 0x11,
    0xdd, 0x0, 0x4, 0xff, 0xff, 0xff, 0xf1, 0x0,
    0x9f, 0x54, 0x44, 0x7f, 0x60, 0xe, 0xc0, 0x0,
    0x0, 0xfb, 0x3, 0xf8, 0x0, 0x0, 0xb, 0xf1,
    0x8f, 0x40, 0x0, 0x0, 0x7f, 0x50,

    /* U+00C4 "Ä" */
    0x0, 0x3f, 0x90, 0xcf, 0x0, 0x0, 0x2, 0xc7,
    0x9, 0xc0, 0x0, 0x0, 0x0, 0x0, 0x0, 0x0,
    0x0, 0x0, 0xd, 0xfa, 0x0, 0x0, 0x0, 0x1,
    0xfd, 0xf0, 0x0, 0x0, 0x0, 0x6f, 0x4f, 0x40,
    0x0, 0x0, 0xb, 0xc0, 0xe9, 0x0, 0x0, 0x1,
    0xf8, 0xa, 0xe0, 0x0, 0x0, 0x5f, 0x30, 0x6f,
    0x30, 0x0, 0xa, 0xe0, 0x1, 0xf8, 0x0, 0x0,
    0xfb, 0x11, 0x1d, 0xd0, 0x0, 0x4f, 0xff, 0xff,
    0xff, 0x10, 0x9, 0xf5, 0x44, 0x47, 0xf6, 0x0,
    0xec, 0x0, 0x0, 0xf, 0xb0, 0x3f, 0x80, 0x0,
    0x0, 0xbf, 0x18, 0xf4, 0x0, 0x0, 0x7, 0xf5,

    /* U+00C5 "Å" */
    0x0, 0x1, 0xbe, 0x90, 0x0, 0x0, 0x0, 0xb9,
    0x2b, 0x80, 0x0, 0x0, 0xf, 0x20, 0x4c, 0x0,
    0x0, 0x0, 0xc7, 0xa, 0x90, 0x0, 0x0, 0x2,
    0xff, 0xe0, 0x0, 0x0, 0x0, 0x3f, 0xdf, 0x0,
    0x0, 0x0, 0x8, 0xf5, 0xf5, 0x0, 0x0, 0x0,
    0xcc, 0xf, 0xa0, 0x0, 0x0, 0x1f, 0x80, 0xae,
    0x0, 0x0, 0x6, 0xf3, 0x6, 0xf3, 0x0, 0x0,
    0xbe, 0x0, 0x1f, 0x80, 0x0, 0xf, 0xb1, 0x11,
    0xdd, 0x0, 0x5, 0xff, 0xff, 0xff, 0xf2, 0x0,
    0x9f, 0x54, 0x44, 0x7f, 0x70, 0xe, 0xc0, 0x0,
    0x0, 0xfc, 0x3, 0xf8, 0x0, 0x0, 0xb, 0xf1,
    0x8f, 0x40, 0x0, 0x0, 0x7f, 0x50,

    /* U+00C6 "Æ" */
    0x0, 0x8, 0xff, 0xff, 0xff, 0x30, 0x0, 0xcc,
    0xbf, 0x97, 0x71, 0x0, 0x1f, 0x56, 0xf3, 0x0,
    0x0, 0x5, 0xf1, 0x6f, 0x30, 0x0, 0x0, 0xad,
    0x6, 0xf5, 0x22, 0x0, 0xe, 0x80, 0x6f, 0xff,
    0xf0, 0x3, 0xf4, 0x6, 0xf7, 0x54, 0x0, 0x7f,
    0x22, 0x7f, 0x30, 0x0, 0xc, 0xff, 0xff, 0xf3,
    0x0, 0x0, 0xf9, 0x55, 0x9f, 0x30, 0x0, 0x4f,
    0x30, 0x6, 0xf3, 0x0, 0x9, 0xf0, 0x0, 0x6f,
    0x97, 0x72, 0xdb, 0x0, 0x6, 0xff, 0xff, 0x60,

    /* U+00C7 "Ç" */
    0x0, 0x29, 0xef, 0xea, 0x20, 0x3e, 0xf9, 0x78,
    0xe7, 0xd, 0xf2, 0x0, 0x0, 0x25, 0xf8, 0x0,
    0x0, 0x0, 0x9f, 0x40, 0x0, 0x0, 0xb, 0xf2,
    0x0, 0x0, 0x0, 0xcf, 0x10, 0x0, 0x0, 0xb,
    0xf2, 0x0, 0x0, 0x0, 0x9f, 0x40, 0x0, 0x0,
    0x5, 0xf8, 0x0, 0x0, 0x0, 0xd, 0xf2, 0x0,
    0x0, 0x20, 0x3f, 0xf9, 0x78, 0xe7, 0x0, 0x2a,
    0xef, 0xea, 0x20, 0x0, 0x0, 0xa7, 0x0, 0x0,
    0x0, 0x5, 0xd0, 0x0, 0x0, 0x31, 0x7e, 0x0,
    0x0, 0x9, 0xfe, 0x60, 0x0,

    /* U+00C8 "È" */
    0x0, 0x28, 0x20, 0x0, 0x0, 0x0, 0x8d, 0x10,
    0x0, 0x0, 0x0, 0x64, 0x0, 0x0, 0x0, 0x0,
    0x0, 0x0, 0x4f, 0xff, 0xff, 0xff, 0x84, 0xfb,
    0x77, 0x77, 0x73, 0x4f, 0x80, 0x0, 0x0, 0x4,
    0xf8, 0x0, 0x0, 0x0, 0x4f, 0x92, 0x22, 0x22,
    0x4, 0xff, 0xff, 0xff, 0xf4, 0x4f, 0xa5, 0x55,
    0x55, 0x14, 0xf8, 0x0, 0x0, 0x0, 0x4f, 0x80,
    0x0, 0x0, 0x4, 0xf8, 0x0, 0x0, 0x0, 0x4f,
    0x80, 0x0, 0x0, 0x4, 0xfb, 0x77, 0x77, 0x75,
    0x4f, 0xff, 0xff, 0xff, 0xb0,

    /* U+00C9 "É" */
    0x0, 0x0, 0x17, 0x30, 0x0, 0x0, 0xc, 0xa0,
    0x0, 0x0, 0x3, 0x70, 0x0, 0x0, 0x0, 0x0,
    0x0, 0x0, 0x4f, 0xff, 0xff, 0xff, 0x84, 0xfb,
    0x77, 0x77, 0x73, 0x4f, 0x80, 0x0, 0x0, 0x4,
    0xf8, 0x0, 0x0, 0x0, 0x4f, 0x92, 0x22, 0x22,
    0x4, 0xff, 0xff, 0xff, 0xf4, 0x4f, 0xa5, 0x55,
    0x55, 0x14, 0xf8, 0x0, 0x0, 0x0, 0x4f, 0x80,
    0x0, 0x0, 0x4, 0xf8, 0x0, 0x0, 0x0, 0x4f,
    0x80, 0x0, 0x0, 0x4, 0xfb, 0x77, 0x77, 0x75,
    0x4f, 0xff, 0xff, 0xff, 0xb0,

    /* U+00CA "Ê" */
    0x0, 0x3, 0x85, 0x0, 0x0, 0x3, 0xe6, 0xe5,
    0x0, 0x0, 0x63, 0x1, 0x70, 0x0, 0x0, 0x0,
    0x0, 0x0, 0x4f, 0xff, 0xff, 0xff, 0x84, 0xfb,
    0x77, 0x77, 0x73, 0x4f, 0x80, 0x0, 0x0, 0x4,
    0xf8, 0x0, 0x0, 0x0, 0x4f, 0x92, 0x22, 0x22,
    0x4, 0xff, 0xff, 0xff, 0xf4, 0x4f, 0xa5, 0x55,
    0x55, 0x14, 0xf8, 0x0, 0x0, 0x0, 0x4f, 0x80,
    0x0, 0x0, 0x4, 0xf8, 0x0, 0x0, 0x0, 0x4f,
    0x80, 0x0, 0x0, 0x4, 0xfb, 0x77, 0x77, 0x75,
    0x4f, 0xff, 0xff, 0xff, 0xb0,

    /* U+00CB "Ë" */
    0x0, 0xfc, 0x9, 0xf3, 0x0, 0xc, 0x90, 0x7c,
    0x20, 0x0, 0x0, 0x0, 0x0, 0x4, 0xff, 0xff,
    0xff, 0xf8, 0x4f, 0xb7, 0x77, 0x77, 0x34, 0xf8,
    0x0, 0x0, 0x0, 0x4f, 0x80, 0x0, 0x0, 0x4,
    0xf9, 0x22, 0x22, 0x20, 0x4f, 0xff, 0xff, 0xff,
    0x44, 0xfa, 0x55, 0x55, 0x51, 0x4f, 0x80, 0x0,
    0x0, 0x4, 0xf8, 0x0, 0x0, 0x0, 0x4f, 0x80,
    0x0, 0x0, 0x4, 0xf8, 0x0, 0x0, 0x0, 0x4f,
    0xb7, 0x77, 0x77, 0x54, 0xff, 0xff, 0xff, 0xfb,

    /* U+00CC "Ì" */
    0x0, 0x37, 0x10, 0x0, 0x0, 0x0, 0xac, 0x0,
    0x0, 0x0, 0x0, 0x73, 0x0, 0x0, 0x0, 0x0,
    0x0, 0x0, 0x3f, 0xff, 0xff, 0xff, 0x1, 0x77,
    0xbf, 0xa7, 0x70, 0x0, 0x7, 0xf4, 0x0, 0x0,
    0x0, 0x7f, 0x40, 0x0, 0x0, 0x7, 0xf4, 0x0,
    0x0, 0x0, 0x7f, 0x40, 0x0, 0x0, 0x7, 0xf4,
    0x0, 0x0, 0x0, 0x7f, 0x40, 0x0, 0x0, 0x7,
    0xf4, 0x0, 0x0, 0x0, 0x7f, 0x40, 0x0, 0x0,
    0x7, 0xf4, 0x0, 0x1, 0x77, 0xbf, 0xa7, 0x70,
    0x3f, 0xff, 0xff, 0xff, 0x0,

    /* U+00CD "Í" */
    0x0, 0x0, 0x28, 0x20, 0x0, 0x0, 0x1d, 0x80,
    0x0, 0x0, 0x4, 0x60, 0x0, 0x0, 0x0, 0x0,
    0x0, 0x0, 0x3f, 0xff, 0xff, 0xff, 0x1, 0x77,
    0xbf, 0xa7, 0x70, 0x0, 0x7, 0xf4, 0x0, 0x0,
    0x0, 0x7f, 0x40, 0x0, 0x0, 0x7, 0xf4, 0x0,
    0x0, 0x0, 0x7f, 0x40, 0x0, 0x0, 0x7, 0xf4,
    0x0, 0x0, 0x0, 0x7f, 0x40, 0x0, 0x0, 0x7,
    0xf4, 0x0, 0x0, 0x0, 0x7f, 0x40, 0x0, 0x0,
    0x7, 0xf4, 0x0, 0x1, 0x77, 0xbf, 0xa7, 0x70,
    0x3f, 0xff, 0xff, 0xff, 0x0,

    /* U+00CE "Î" */
    0x0, 0x5, 0x83, 0x0, 0x0, 0x5, 0xe6, 0xe3,
    0x0, 0x0, 0x71, 0x3, 0x60, 0x0, 0x0, 0x0,
    0x0, 0x0, 0x3f, 0xff, 0xff, 0xff, 0x1, 0x77,
    0xbf, 0xa7, 0x70, 0x0, 0x7, 0xf4, 0x0, 0x0,
    0x0, 0x7f, 0x40, 0x0, 0x0, 0x7, 0xf4, 0x0,
    0x0, 0x0, 0x7f, 0x40, 0x0, 0x0, 0x7, 0xf4,
    0x0, 0x0, 0x0, 0x7f, 0x40, 0x0, 0x0, 0x7,
    0xf4, 0x0, 0x0, 0x0, 0x7f, 0x40, 0x0, 0x0,
    0x7, 0xf4, 0x0, 0x1, 0x77, 0xbf, 0xa7, 0x70,
    0x3f, 0xff, 0xff, 0xff, 0x0,

    /* U+00CF "Ï" */
    0x3, 0xf9, 0xc, 0xf0, 0x0, 0x2c, 0x70, 0x9c,
    0x0, 0x0, 0x0, 0x0, 0x0, 0x3, 0xff, 0xff,
    0xff, 0xf0, 0x17, 0x7b, 0xfa, 0x77, 0x0, 0x0,
    0x7f, 0x40, 0x0, 0x0, 0x7, 0xf4, 0x0, 0x0,
    0x0, 0x7f, 0x40, 0x0, 0x0, 0x7, 0xf4, 0x0,
    0x0, 0x0, 0x7f, 0x40, 0x0, 0x0, 0x7, 0xf4,
    0x0, 0x0, 0x0, 0x7f, 0x40, 0x0, 0x0, 0x7,
    0xf4, 0x0, 0x0, 0x0, 0x7f, 0x40, 0x0, 0x17,
    0x7b, 0xfa, 0x77, 0x3, 0xff, 0xff, 0xff, 0xf0,

    /* U+00D0 "Ð" */
    0xd, 0xff, 0xfd, 0x81, 0x0, 0xd, 0xf7, 0x7a,
    0xfe, 0x30, 0xd, 0xf0, 0x0, 0x2f, 0xd0, 0xd,
    0xf0, 0x0, 0x9, 0xf4, 0xd, 0xf0, 0x0, 0x5,
    0xf8, 0xd, 0xf0, 0x0, 0x3, 0xfa, 0xef, 0xff,
    0xf5, 0x2, 0xfa, 0x3d, 0xf3, 0x31, 0x3, 0xfa,
    0xd, 0xf0, 0x0, 0x5, 0xf8, 0xd, 0xf0, 0x0,
    0x9, 0xf4, 0xd, 0xf0, 0x0, 0x3f, 0xd0, 0xd,
    0xf7, 0x7a, 0xfe, 0x30, 0xd, 0xff, 0xfd, 0x81,
    0x0,

    /* U+00D1 "Ñ" */
    0x0, 0xbd, 0x70, 0xd3, 0x0, 0x6c, 0x3b, 0xfc,
    0x0, 0x0, 0x10, 0x1, 0x0, 0x0, 0x0, 0x0,
    0x0, 0x0, 0xcf, 0xa0, 0x0, 0x1f, 0x9c, 0xff,
    0x10, 0x1, 0xf9, 0xcf, 0xf8, 0x0, 0x1f, 0x9c,
    0xf9, 0xe0, 0x1, 0xf9, 0xcf, 0x2f, 0x50, 0x1f,
    0x9c, 0xf0, 0xbb, 0x1, 0xf9, 0xcf, 0x5, 0xf2,
    0x1f, 0x9c, 0xf0, 0xe, 0x91, 0xf9, 0xcf, 0x0,
    0x8f, 0x2f, 0x9c, 0xf0, 0x1, 0xf8, 0xf9, 0xcf,
    0x0, 0xa, 0xef, 0x9c, 0xf0, 0x0, 0x4f, 0xf9,
    0xcf, 0x0, 0x0, 0xdf, 0x90,

    /* U+00D2 "Ò" */
    0x0, 0x4f, 0x40, 0x0, 0x0, 0x0, 0x7e, 0x10,
    0x0, 0x0, 0x0, 0x73, 0x0, 0x0, 0x0, 0x0,
    0x0, 0x0, 0x0, 0x9e, 0xfd, 0x70, 0x0, 0xcf,
    0xa7, 0xbf, 0x90, 0x5f, 0x90, 0x0, 0xbf, 0x2a,
    0xf2, 0x0, 0x5, 0xf7, 0xdf, 0x0, 0x0, 0x2f,
    0xae, 0xe0, 0x0, 0x1, 0xfc, 0xfe, 0x0, 0x0,
    0xf, 0xce, 0xe0, 0x0, 0x1, 0xfc, 0xdf, 0x0,
    0x0, 0x2f, 0xaa, 0xf2, 0x0, 0x5, 0xf7, 0x5f,
    0x80, 0x0, 0xbf, 0x20, 0xcf, 0xa7, 0xbf, 0x90,
    0x0, 0x9e, 0xfd, 0x70, 0x0,

    /* U+00D3 "Ó" */
    0x0, 0x0, 0x7f, 0x20, 0x0, 0x0, 0x2f, 0x50,
    0x0, 0x0, 0x5, 0x50, 0x0, 0x0, 0x0, 0x0,
    0x0, 0x0, 0x0, 0x9e, 0xfd, 0x70, 0x0, 0xcf,
    0xa7, 0xbf, 0x90, 0x5f, 0x90, 0x0, 0xbf, 0x2a,
    0xf2, 0x0, 0x5, 0xf7, 0xdf, 0x0, 0x0, 0x2f,
    0xae, 0xe0, 0x0, 0x1, 0xfc, 0xfe, 0x0, 0x0,
    0xf, 0xce, 0xe0, 0x0, 0x1, 0xfc, 0xdf, 0x0,
    0x0, 0x2f, 0xaa, 0xf2, 0x0, 0x5, 0xf7, 0x5f,
    0x80, 0x0, 0xbf, 0x20, 0xcf, 0xa7, 0xbf, 0x90,
    0x0, 0x9e, 0xfd, 0x70, 0x0,

    /* U+00D4 "Ô" */
    0x0, 0xc, 0xf9, 0x0, 0x0, 0x8, 0xc2, 0xe5,
    0x0, 0x0, 0x71, 0x2, 0x70, 0x0, 0x0, 0x0,
    0x0, 0x0, 0x0, 0x9e, 0xfd, 0x70, 0x0, 0xcf,
    0xa7, 0xbf, 0x90, 0x5f, 0x90, 0x0, 0xbf, 0x2a,
    0xf2, 0x0, 0x5, 0xf7, 0xdf, 0x0, 0x0, 0x2f,
    0xae, 0xe0, 0x0, 0x1, 0xfc, 0xfe, 0x0, 0x0,
    0xf, 0xce, 0xe0, 0x0, 0x1, 0xfc, 0xdf, 0x0,
    0x0, 0x2f, 0xaa, 0xf2, 0x0, 0x5, 0xf7, 0x5f,
    0x80, 0x0, 0xbf, 0x20, 0xcf, 0xa7, 0xbf, 0x90,
    0x0, 0x9e, 0xfd, 0x70, 0x0,

    /* U+00D5 "Õ" */
    0x0, 0xbd, 0x70, 0xd3, 0x0, 0x6c, 0x3b, 0xfc,
    0x0, 0x0, 0x10, 0x1, 0x0, 0x0, 0x0, 0x0,
    0x0, 0x0, 0x0, 0x9e, 0xfd, 0x70, 0x0, 0xcf,
    0xa7, 0xbf, 0x90, 0x5f, 0x90, 0x0, 0xbf, 0x2a,
    0xf2, 0x0, 0x5, 0xf7, 0xdf, 0x0, 0x0, 0x2f,
    0xae, 0xe0, 0x0, 0x1, 0xfc, 0xfe, 0x0, 0x0,
    0xf, 0xce, 0xe0, 0x0, 0x1, 0xfc, 0xdf, 0x0,
    0x0, 0x2f, 0xaa, 0xf2, 0x0, 0x5, 0xf7, 0x5f,
    0x80, 0x0, 0xbf, 0x20, 0xcf, 0xa7, 0xbf, 0x90,
    0x0, 0x9e, 0xfd, 0x70, 0x0,

    /* U+00D6 "Ö" */
    0x2, 0xc7, 0x9, 0xc0, 0x0, 0x3f, 0x90, 0xcf,
    0x0, 0x0, 0x0, 0x0, 0x0, 0x0, 0x0, 0x0,
    0x0, 0x0, 0x0, 0x9e, 0xfd, 0x70, 0x0, 0xcf,
    0xa7, 0xbf, 0x90, 0x5f, 0x90, 0x0, 0xbf, 0x2a,
    0xf2, 0x0, 0x5, 0xf7, 0xdf, 0x0, 0x0, 0x2f,
    0xae, 0xe0, 0x0, 0x1, 0xfc, 0xfe, 0x0, 0x0,
    0xf, 0xce, 0xe0, 0x0, 0x1, 0xfc, 0xdf, 0x0,
    0x0, 0x2f, 0xaa, 0xf2, 0x0, 0x5, 0xf7, 0x5f,
    0x80, 0x0, 0xbf, 0x20, 0xcf, 0xa7, 0xbf, 0x90,
    0x0, 0x9e, 0xfd, 0x70, 0x0,

    /* U+00D7 "×" */
    0x6, 0x0, 0x0, 0x6, 0x6, 0xf8, 0x0, 0xa,
    0xf4, 0x8, 0xf8, 0xa, 0xf5, 0x0, 0x8, 0xfd,
    0xf5, 0x0, 0x0, 0xd, 0xfb, 0x0, 0x0, 0xb,
    0xfb, 0xf8, 0x0, 0xb, 0xf5, 0x8, 0xf8, 0x6,
    0xf5, 0x0, 0x8, 0xf4, 0x3, 0x0, 0x0, 0x3,
    0x0,

    /* U+00D8 "Ø" */
    0x0, 0x0, 0x0, 0x0, 0x1, 0x0, 0x0, 0x9e,
    0xfd, 0x70, 0xd4, 0x0, 0xcf, 0xa7, 0xbf, 0xda,
    0x0, 0x5f, 0x90, 0x0, 0xcf, 0x30, 0xa, 0xf3,
    0x0, 0x2f, 0xf7, 0x0, 0xdf, 0x0, 0xc, 0xaf,
    0xa0, 0xe, 0xf0, 0x8, 0xb1, 0xfc, 0x0, 0xfe,
    0x3, 0xe1, 0xf, 0xc0, 0xe, 0xe0, 0xd4, 0x1,
    0xfc, 0x0, 0xde, 0xa8, 0x0, 0x2f, 0xa0, 0xb,
    0xfb, 0x0, 0x5, 0xf7, 0x0, 0x7f, 0x70, 0x0,
    0xbf, 0x20, 0x1e, 0xdf, 0xa7, 0xbf, 0x90, 0xa,
    0x91, 0x9e, 0xfd, 0x70, 0x0, 0x10, 0x0, 0x0,
    0x0, 0x0, 0x0,

    /* U+00D9 "Ù" */
    0x0, 0x4f, 0x40, 0x0, 0x0, 0x0, 0x7e, 0x10,
    0x0, 0x0, 0x0, 0x73, 0x0, 0x0, 0x0, 0x0,
    0x0, 0x0, 0xbf, 0x10, 0x0, 0x3f, 0x8b, 0xf1,
    0x0, 0x3, 0xf8, 0xbf, 0x10, 0x0, 0x3f, 0x8b,
    0xf1, 0x0, 0x3, 0xf8, 0xbf, 0x10, 0x0, 0x3f,
    0x8b, 0xf1, 0x0, 0x3, 0xf8, 0xbf, 0x10, 0x0,
    0x3f, 0x8b, 0xf1, 0x0, 0x3, 0xf8, 0xbf, 0x10,
    0x0, 0x3f, 0x8a, 0xf1, 0x0, 0x4, 0xf7, 0x7f,
    0x50, 0x0, 0x8f, 0x41, 0xef, 0x97, 0xaf, 0xc0,
    0x2, 0xad, 0xfd, 0x91, 0x0,

    /* U+00DA "Ú" */
    0x0, 0x0, 0x7f, 0x20, 0x0, 0x0, 0x2f, 0x50,
    0x0, 0x0, 0x5, 0x50, 0x0, 0x0, 0x0, 0x0,
    0x0, 0x0, 0xbf, 0x10, 0x0, 0x3f, 0x8b, 0xf1,
    0x0, 0x3, 0xf8, 0xbf, 0x10, 0x0, 0x3f, 0x8b,
    0xf1, 0x0, 0x3, 0xf8, 0xbf, 0x10, 0x0, 0x3f,
    0x8b, 0xf1, 0x0, 0x3, 0xf8, 0xbf, 0x10, 0x0,
    0x3f, 0x8b, 0xf1, 0x0, 0x3, 0xf8, 0xbf, 0x10,
    0x0, 0x3f, 0x8a, 0xf1, 0x0, 0x4, 0xf7, 0x7f,
    0x50, 0x0, 0x8f, 0x41, 0xef, 0x97, 0xaf, 0xc0,
    0x2, 0xad, 0xfd, 0x91, 0x0,

    /* U+00DB "Û" */
    0x0, 0xc, 0xf9, 0x0, 0x0, 0x8, 0xc2, 0xe5,
    0x0, 0x0, 0x71, 0x2, 0x70, 0x0, 0x0, 0x0,
    0x0, 0x0, 0xbf, 0x10, 0x0, 0x3f, 0x8b, 0xf1,
    0x0, 0x3, 0xf8, 0xbf, 0x10, 0x0, 0x3f, 0x8b,
    0xf1, 0x0, 0x3, 0xf8, 0xbf, 0x10, 0x0, 0x3f,
    0x8b, 0xf1, 0x0, 0x3, 0xf8, 0xbf, 0x10, 0x0,
    0x3f, 0x8b, 0xf1, 0x0, 0x3, 0xf8, 0xbf, 0x10,
    0x0, 0x3f, 0x8a, 0xf1, 0x0, 0x4, 0xf7, 0x7f,
    0x50, 0x0, 0x8f, 0x41, 0xef, 0x97, 0xaf, 0xc0,
    0x2, 0xad, 0xfd, 0x91, 0x0,

    /* U+00DC "Ü" */
    0x2, 0xc7, 0x9, 0xc0, 0x0, 0x3f, 0x90, 0xcf,
    0x0, 0x0, 0x0, 0x0, 0x0, 0x0, 0x0, 0x0,
    0x0, 0x0, 0xbf, 0x10, 0x0, 0x3f, 0x8b, 0xf1,
    0x0, 0x3, 0xf8, 0xbf, 0x10, 0x0, 0x3f, 0x8b,
    0xf1, 0x0, 0x3, 0xf8, 0xbf, 0x10, 0x0, 0x3f,
    0x8b, 0xf1, 0x0, 0x3, 0xf8, 0xbf, 0x10, 0x0,
    0x3f, 0x8b, 0xf1, 0x0, 0x3, 0xf8, 0xbf, 0x10,
    0x0, 0x3f, 0x8a, 0xf1, 0x0, 0x4, 0xf7, 0x7f,
    0x50, 0x0, 0x8f, 0x41, 0xef, 0x97, 0xaf, 0xc0,
    0x2, 0xad, 0xfd, 0x91, 0x0,

    /* U+00DD "Ý" */
    0x0, 0x0, 0x2, 0x82, 0x0, 0x0, 0x0, 0x1,
    0xd8, 0x0, 0x0, 0x0, 0x0, 0x46, 0x0, 0x0,
    0x0, 0x0, 0x0, 0x0, 0x0, 0x0, 0x6f, 0x70,
    0x0, 0x0, 0xaf, 0x30, 0xcf, 0x10, 0x0, 0x3f,
    0xa0, 0x3, 0xf9, 0x0, 0xc, 0xf1, 0x0, 0xa,
    0xf2, 0x5, 0xf7, 0x0, 0x0, 0x1f, 0xb0, 0xdd,
    0x0, 0x0, 0x0, 0x7f, 0xbf, 0x40, 0x0, 0x0,
    0x0, 0xdf, 0xb0, 0x0, 0x0, 0x0, 0x7, 0xf4,
    0x0, 0x0, 0x0, 0x0, 0x7f, 0x40, 0x0, 0x0,
    0x0, 0x7, 0xf4, 0x0, 0x0, 0x0, 0x0, 0x7f,
    0x40, 0x0, 0x0, 0x0, 0x7, 0xf4, 0x0, 0x0,
    0x0, 0x0, 0x7f, 0x40, 0x0, 0x0,

    /* U+00DE "Þ" */
    0x3f, 0x80, 0x0, 0x0, 0x0, 0x3f, 0x92, 0x11,
    0x0, 0x0, 0x3f, 0xff, 0xff, 0xe9, 0x0, 0x3f,
    0xb5, 0x56, 0xcf, 0xb0, 0x3f, 0x80, 0x0, 0xe,
    0xf1, 0x3f, 0x80, 0x0, 0xa, 0xf3, 0x3f, 0x80,
    0x0, 0xd, 0xf2, 0x3f, 0x92, 0x23, 0xaf, 0xd0,
    0x3f, 0xff, 0xff, 0xfc, 0x20, 0x3f, 0xb5, 0x44,
    0x20, 0x0, 0x3f, 0x80, 0x0, 0x0, 0x0, 0x3f,
    0x80, 0x0, 0x0, 0x0, 0x3f, 0x80, 0x0, 0x0,
    0x0,

    /* U+00DF "ß" */
    0x1, 0x9d, 0xfd, 0x60, 0x0, 0xc, 0xf8, 0x5a,
    0xf6, 0x0, 0x2f, 0x80, 0x0, 0xcd, 0x0, 0x4f,
    0x50, 0x6, 0xde, 0x0, 0x5f, 0x40, 0xbd, 0x40,
    0x0, 0x5f, 0x43, 0xf5, 0x0, 0x0, 0x5f, 0x45,
    0xf6, 0x0, 0x0, 0x5f, 0x40, 0xef, 0x60, 0x0,
    0x5f, 0x40, 0x2c, 0xfb, 0x0, 0x5f, 0x40, 0x0,
    0x7f, 0xa0, 0x5f, 0x40, 0x0, 0xa, 0xf0, 0x5f,
    0x40, 0x0, 0xa, 0xf0, 0x5f, 0x4b, 0x65, 0x9f,
    0xa0, 0x5f, 0x4d, 0xff, 0xd8, 0x0,

    /* U+00E0 "à" */
    0x2, 0x83, 0x0, 0x0, 0x0, 0x9, 0xe1, 0x0,
    0x0, 0x0, 0xa, 0xc0, 0x0, 0x0, 0x0, 0x7,
    0x30, 0x0, 0x0, 0x0, 0x0, 0x0, 0x0, 0x8c,
    0xef, 0xd8, 0x0, 0x1f, 0xa7, 0x69, 0xfa, 0x0,
    0x10, 0x0, 0x9, 0xf2, 0x0, 0x0, 0x0, 0x5f,
    0x40, 0x5c, 0xff, 0xff, 0xf4, 0x6f, 0xb5, 0x33,
    0x7f, 0x5c, 0xe0, 0x0, 0x7, 0xf5, 0xce, 0x0,
    0x0, 0xdf, 0x56, 0xfb, 0x67, 0xdd, 0xf5, 0x7,
    0xdf, 0xd7, 0x5f, 0x50,

    /* U+00E1 "á" */
    0x0, 0x0, 0x4, 0x71, 0x0, 0x0, 0x3, 0xf7,
    0x0, 0x0, 0x1, 0xe7, 0x0, 0x0, 0x0, 0x46,
    0x0, 0x0, 0x0, 0x0, 0x0, 0x0, 0x0, 0x8c,
    0xef, 0xd8, 0x0, 0x1f, 0xa7, 0x69, 0xfa, 0x0,
    0x10, 0x0, 0x9, 0xf2, 0x0, 0x0, 0x0, 0x5f,
    0x40, 0x5c, 0xff, 0xff, 0xf4, 0x6f, 0xb5, 0x33,
    0x7f, 0x5c, 0xe0, 0x0, 0x7, 0xf5, 0xce, 0x0,
    0x0, 0xdf, 0x56, 0xfb, 0x67, 0xdd, 0xf5, 0x7,
    0xdf, 0xd7, 0x5f, 0x50,

    /* U+00E2 "â" */
    0x0, 0x3, 0x81, 0x0, 0x0, 0x1, 0xed, 0xc0,
    0x0, 0x0, 0xaa, 0xc, 0x80, 0x0, 0x17, 0x0,
    0x17, 0x0, 0x0, 0x0, 0x0, 0x0, 0x0, 0x8c,
    0xef, 0xd8, 0x0, 0x1f, 0xa7, 0x69, 0xfa, 0x0,
    0x10, 0x0, 0x9, 0xf2, 0x0, 0x0, 0x0, 0x5f,
    0x40, 0x5c, 0xff, 0xff, 0xf4, 0x6f, 0xb5, 0x33,
    0x7f, 0x5c, 0xe0, 0x0, 0x7, 0xf5, 0xce, 0x0,
    0x0, 0xdf, 0x56, 0xfb, 0x67, 0xdd, 0xf5, 0x7,
    0xdf, 0xd7, 0x5f, 0x50,

    /* U+00E3 "ã" */
    0x0, 0xcf, 0x80, 0xd3, 0x0, 0x6c, 0x3c, 0xfc,
    0x0, 0x1, 0x10, 0x1, 0x0, 0x0, 0x0, 0x0,
    0x0, 0x0, 0x8, 0xce, 0xfd, 0x80, 0x1, 0xfa,
    0x76, 0x9f, 0xa0, 0x1, 0x0, 0x0, 0x9f, 0x20,
    0x0, 0x0, 0x5, 0xf4, 0x5, 0xcf, 0xff, 0xff,
    0x46, 0xfb, 0x53, 0x37, 0xf5, 0xce, 0x0, 0x0,
    0x7f, 0x5c, 0xe0, 0x0, 0xd, 0xf5, 0x6f, 0xb6,
    0x7d, 0xdf, 0x50, 0x7d, 0xfd, 0x75, 0xf5,

    /* U+00E4 "ä" */
    0x3, 0xf9, 0xc, 0xf0, 0x0, 0x2c, 0x70, 0x9c,
    0x0, 0x0, 0x0, 0x0, 0x0, 0x0, 0x0, 0x0,
    0x0, 0x0, 0x8, 0xce, 0xfd, 0x80, 0x1, 0xfa,
    0x76, 0x9f, 0xa0, 0x1, 0x0, 0x0, 0x9f, 0x20,
    0x0, 0x0, 0x5, 0xf4, 0x5, 0xcf, 0xff, 0xff,
    0x46, 0xfb, 0x53, 0x37, 0xf5, 0xce, 0x0, 0x0,
    0x7f, 0x5c, 0xe0, 0x0, 0xd, 0xf5, 0x6f, 0xb6,
    0x7d, 0xdf, 0x50, 0x7d, 0xfd, 0x75, 0xf5,

    /* U+00E5 "å" */
    0x0, 0x1b, 0xe9, 0x0, 0x0, 0xb, 0x92, 0xb8,
    0x0, 0x0, 0xf2, 0x4, 0xc0, 0x0, 0xc, 0x60,
    0x99, 0x0, 0x0, 0x3e, 0xfc, 0x10, 0x0, 0x0,
    0x1, 0x0, 0x0, 0x8, 0xce, 0xfd, 0x80, 0x1,
    0xfa, 0x76, 0x9f, 0xa0, 0x1, 0x0, 0x0, 0x9f,
    0x20, 0x0, 0x0, 0x5, 0xf4, 0x5, 0xcf, 0xff,
    0xff, 0x46, 0xfb, 0x53, 0x37, 0xf5, 0xce, 0x0,
    0x0, 0x7f, 0x5c, 0xe0, 0x0, 0xd, 0xf5, 0x6f,
    0xb6, 0x7d, 0xdf, 0x50, 0x7d, 0xfd, 0x75, 0xf5,

    /* U+00E6 "æ" */
    0x9, 0xef, 0xb3, 0xbf, 0xd5, 0x0, 0xc7, 0x6e,
    0xfd, 0x6a, 0xf2, 0x0, 0x0, 0x5f, 0x50, 0xf,
    0x60, 0x0, 0x3, 0xf4, 0x0, 0xe8, 0x5, 0xdf,
    0xff, 0xff, 0xff, 0x84, 0xf9, 0x46, 0xf6, 0x33,
    0x31, 0x8e, 0x0, 0x4f, 0x40, 0x0, 0x9, 0xe0,
    0x6, 0xf7, 0x0, 0x0, 0x5f, 0x96, 0xde, 0xf7,
    0x6b, 0x50, 0x8e, 0xfa, 0x19, 0xee, 0xb2,

    /* U+00E7 "ç" */
    0x0, 0x29, 0xef, 0xd9, 0x10, 0x2e, 0xf9, 0x68,
    0xd5, 0xc, 0xf3, 0x0, 0x0, 0x11, 0xfa, 0x0,
    0x0, 0x0, 0x3f, 0x70, 0x0, 0x0, 0x3, 0xf7,
    0x0, 0x0, 0x0, 0x1f, 0xa0, 0x0, 0x0, 0x0,
    0xcf, 0x20, 0x0, 0x1, 0x2, 0xef, 0x86, 0x8d,
    0x50, 0x2, 0x9e, 0xfe, 0x91, 0x0, 0x0, 0x9,
    0x80, 0x0, 0x0, 0x0, 0x4e, 0x0, 0x0, 0x2,
    0x17, 0xf0, 0x0, 0x0, 0x8f, 0xe6, 0x0,

    /* U+00E8 "è" */
    0x1, 0x74, 0x0, 0x0, 0x0, 0x7, 0xf2, 0x0,
    0x0, 0x0, 0x8, 0xd1, 0x0, 0x0, 0x0, 0x6,
    0x40, 0x0, 0x0, 0x0, 0x0, 0x0, 0x0, 0x7,
    0xdf, 0xe9, 0x10, 0xb, 0xf9, 0x68, 0xfd, 0x6,
    0xf6, 0x0, 0x3, 0xf6, 0xbf, 0x0, 0x0, 0xe,
    0xbe, 0xff, 0xff, 0xff, 0xfc, 0xed, 0x33, 0x33,
    0x33, 0x2b, 0xf0, 0x0, 0x0, 0x0, 0x6f, 0x70,
    0x0, 0x0, 0x10, 0xbf, 0xb6, 0x69, 0xe6, 0x0,
    0x7d, 0xff, 0xc8, 0x10,

    /* U+00E9 "é" */
    0x0, 0x0, 0x3, 0x82, 0x0, 0x0, 0x2, 0xe9,
    0x0, 0x0, 0x0, 0xd9, 0x0, 0x0, 0x0, 0x37,
    0x0, 0x0, 0x0, 0x0, 0x0, 0x0, 0x0, 0x7,
    0xdf, 0xe9, 0x10, 0xb, 0xf9, 0x68, 0xfd, 0x6,
    0xf6, 0x0, 0x3, 0xf6, 0xbf, 0x0, 0x0, 0xe,
    0xbe, 0xff, 0xff, 0xff, 0xfc, 0xed, 0x33, 0x33,
    0x33, 0x2b, 0xf0, 0x0, 0x0, 0x0, 0x6f, 0x70,
    0x0, 0x0, 0x10, 0xbf, 0xb6, 0x69, 0xe6, 0x0,
    0x7d, 0xff, 0xc8, 0x10,

    /* U+00EA "ê" */
    0x0, 0x2, 0x82, 0x0, 0x0, 0x0, 0xcd, 0xd0,
    0x0, 0x0, 0x8b, 0xa, 0xa0, 0x0, 0x7, 0x10,
    0x7, 0x10, 0x0, 0x0, 0x0, 0x0, 0x0, 0x7,
    0xdf, 0xe9, 0x10, 0xb, 0xf9, 0x68, 0xfd, 0x6,
    0xf6, 0x0, 0x3, 0xf6, 0xbf, 0x0, 0x0, 0xe,
    0xbe, 0xff, 0xff, 0xff, 0xfc, 0xed, 0x33, 0x33,
    0x33, 0x2b, 0xf0, 0x0, 0x0, 0x0, 0x6f, 0x70,
    0x0, 0x0, 0x10, 0xbf, 0xb6, 0x69, 0xe6, 0x0,
    0x7d, 0xff, 0xc8, 0x10,

    /* U+00EB "ë" */
    0x1, 0xfb, 0xa, 0xf2, 0x0, 0xc, 0x80, 0x7c,
    0x10, 0x0, 0x0, 0x0, 0x0, 0x0, 0x0, 0x0,
    0x0, 0x0, 0x0, 0x7d, 0xfe, 0x91, 0x0, 0xbf,
    0x96, 0x8f, 0xd0, 0x6f, 0x60, 0x0, 0x3f, 0x6b,
    0xf0, 0x0, 0x0, 0xeb, 0xef, 0xff, 0xff, 0xff,
    0xce, 0xd3, 0x33, 0x33, 0x32, 0xbf, 0x0, 0x0,
    0x0, 0x6, 0xf7, 0x0, 0x0, 0x1, 0xb, 0xfb,
    0x66, 0x9e, 0x60, 0x7, 0xdf, 0xfc, 0x81,

    /* U+00EC "ì" */
    0x2, 0x82, 0x0, 0x0, 0x0, 0xb, 0xd0, 0x0,
    0x0, 0x0, 0x1d, 0x90, 0x0, 0x0, 0x0, 0x2f,
    0x40, 0x0, 0x0, 0x0, 0x0, 0x0, 0x0, 0xcf,
    0xff, 0x60, 0x0, 0x3, 0x46, 0xf6, 0x0, 0x0,
    0x0, 0x3f, 0x60, 0x0, 0x0, 0x3, 0xf6, 0x0,
    0x0, 0x0, 0x3f, 0x60, 0x0, 0x0, 0x3, 0xf6,
    0x0, 0x0, 0x0, 0x3f, 0x60, 0x0, 0x0, 0x3,
    0xf6, 0x0, 0x1, 0x44, 0x6f, 0x84, 0x42, 0x7f,
    0xff, 0xff, 0xff, 0x90,

    /* U+00ED "í" */
    0x0, 0x0, 0x4, 0x71, 0x0, 0x0, 0x1, 0xf9,
    0x0, 0x0, 0x0, 0xcb, 0x0, 0x0, 0x0, 0x7d,
    0x10, 0x0, 0x0, 0x0, 0x0, 0x0, 0x0, 0xcf,
    0xff, 0x60, 0x0, 0x3, 0x46, 0xf6, 0x0, 0x0,
    0x0, 0x3f, 0x60, 0x0, 0x0, 0x3, 0xf6, 0x0,
    0x0, 0x0, 0x3f, 0x60, 0x0, 0x0, 0x3, 0xf6,
    0x0, 0x0, 0x0, 0x3f, 0x60, 0x0, 0x0, 0x3,
    0xf6, 0x0, 0x1, 0x44, 0x6f, 0x84, 0x42, 0x7f,
    0xff, 0xff, 0xff, 0x90,

    /* U+00EE "î" */
    0x0, 0x3, 0x81, 0x0, 0x0, 0x0, 0xdf, 0xa0,
    0x0, 0x0, 0x7d, 0x2e, 0x40, 0x0, 0x1f, 0x30,
    0x5e, 0x0, 0x0, 0x0, 0x0, 0x0, 0x0, 0xcf,
    0xff, 0x60, 0x0, 0x3, 0x46, 0xf6, 0x0, 0x0,
    0x0, 0x3f, 0x60, 0x0, 0x0, 0x3, 0xf6, 0x0,
    0x0, 0x0, 0x3f, 0x60, 0x0, 0x0, 0x3, 0xf6,
    0x0, 0x0, 0x0, 0x3f, 0x60, 0x0, 0x0, 0x3,
    0xf6, 0x0, 0x1, 0x44, 0x6f, 0x84, 0x42, 0x7f,
    0xff, 0xff, 0xff, 0x90,

    /* U+00EF "ï" */
    0x0, 0xfc, 0x8, 0xf3, 0x0, 0xc, 0x90, 0x6c,
    0x20, 0x0, 0x0, 0x0, 0x0, 0x0, 0x0, 0x0,
    0x0, 0x0, 0xc, 0xff, 0xf6, 0x0, 0x0, 0x34,
    0x6f, 0x60, 0x0, 0x0, 0x3, 0xf6, 0x0, 0x0,
    0x0, 0x3f, 0x60, 0x0, 0x0, 0x3, 0xf6, 0x0,
    0x0, 0x0, 0x3f, 0x60, 0x0, 0x0, 0x3, 0xf6,
    0x0, 0x0, 0x0, 0x3f, 0x60, 0x0, 0x14, 0x46,
    0xf8, 0x44, 0x27, 0xff, 0xff, 0xff, 0xf9,

    /* U+00F0 "ð" */
    0x1, 0xde, 0x10, 0x52, 0x0, 0x2, 0xfe, 0xe9,
    0x20, 0x9, 0xe9, 0xfb, 0x0, 0x0, 0x10, 0x4,
    0xf8, 0x0, 0x1, 0x9e, 0xff, 0xf3, 0x0, 0xcf,
    0x95, 0x6f, 0xc0, 0x5f, 0x80, 0x0, 0x8f, 0x2a,
    0xf1, 0x0, 0x4, 0xf7, 0xcf, 0x0, 0x0, 0x1f,
    0x9c, 0xf0, 0x0, 0x2, 0xf9, 0xaf, 0x10, 0x0,
    0x4f, 0x75, 0xf8, 0x0, 0xa, 0xf3, 0xc, 0xf9,
    0x6a, 0xfa, 0x0, 0x19, 0xef, 0xd8, 0x0,

    /* U+00F1 "ñ" */
    0x0, 0xcf, 0x80, 0xd3, 0x0, 0x6c, 0x3c, 0xfc,
    0x0, 0x1, 0x10, 0x1, 0x0, 0x0, 0x0, 0x0,
    0x0, 0x0, 0x4f, 0x69, 0xef, 0xb1, 0x4, 0xfe,
    0x83, 0x5f, 0xc0, 0x4f, 0xb0, 0x0, 0x9f, 0x14,
    0xf6, 0x0, 0x6, 0xf3, 0x4f, 0x50, 0x0, 0x6f,
    0x34, 0xf5, 0x0, 0x6, 0xf3, 0x4f, 0x50, 0x0,
    0x6f, 0x34, 0xf5, 0x0, 0x6, 0xf3, 0x4f, 0x50,
    0x0, 0x6f, 0x34, 0xf5, 0x0, 0x6, 0xf3,

    /* U+00F2 "ò" */
    0x2, 0x83, 0x0, 0x0, 0x0, 0x9, 0xe1, 0x0,
    0x0, 0x0, 0xa, 0xc0, 0x0, 0x0, 0x0, 0x7,
    0x30, 0x0, 0x0, 0x0, 0x0, 0x0, 0x0, 0x19,
    0xef, 0xd8, 0x0, 0xd, 0xf9, 0x6a, 0xfa, 0x6,
    0xf7, 0x0, 0xa, 0xf3, 0xaf, 0x10, 0x0, 0x4f,
    0x7c, 0xf0, 0x0, 0x2, 0xf9, 0xcf, 0x0, 0x0,
    0x2f, 0x9a, 0xf1, 0x0, 0x4, 0xf7, 0x6f, 0x70,
    0x0, 0xaf, 0x30, 0xdf, 0x96, 0xaf, 0xa0, 0x1,
    0x9e, 0xfd, 0x80, 0x0,

    /* U+00F3 "ó" */
    0x0, 0x0, 0x4, 0x71, 0x0, 0x0, 0x3, 0xf7,
    0x0, 0x0, 0x1, 0xe7, 0x0, 0x0, 0x0, 0x46,
    0x0, 0x0, 0x0, 0x0, 0x0, 0x0, 0x0, 0x19,
    0xef, 0xd8, 0x0, 0xd, 0xf9, 0x6a, 0xfa, 0x6,
    0xf7, 0x0, 0xa, 0xf3, 0xaf, 0x10, 0x0, 0x4f,
    0x7c, 0xf0, 0x0, 0x2, 0xf9, 0xcf, 0x0, 0x0,
    0x2f, 0x9a, 0xf1, 0x0, 0x4, 0xf7, 0x6f, 0x70,
    0x0, 0xaf, 0x30, 0xdf, 0x96, 0xaf, 0xa0, 0x1,
    0x9e, 0xfd, 0x80, 0x0,

    /* U+00F4 "ô" */
    0x0, 0x3, 0x81, 0x0, 0x0, 0x1, 0xed, 0xc0,
    0x0, 0x0, 0xaa, 0xc, 0x80, 0x0, 0x17, 0x0,
    0x17, 0x0, 0x0, 0x0, 0x0, 0x0, 0x0, 0x19,
    0xef, 0xd8, 0x0, 0xd, 0xf9, 0x6a, 0xfa, 0x6,
    0xf7, 0x0, 0xa, 0xf3, 0xaf, 0x10, 0x0, 0x4f,
    0x7c, 0xf0, 0x0, 0x2, 0xf9, 0xcf, 0x0, 0x0,
    0x2f, 0x9a, 0xf1, 0x0, 0x4, 0xf7, 0x6f, 0x70,
    0x0, 0xaf, 0x30, 0xdf, 0x96, 0xaf, 0xa0, 0x1,
    0x9e, 0xfd, 0x80, 0x0,

    /* U+00F5 "õ" */
    0x0, 0xcf, 0x80, 0xd3, 0x0, 0x6c, 0x3c, 0xfc,
    0x0, 0x1, 0x10, 0x1, 0x0, 0x0, 0x0, 0x0,
    0x0, 0x0, 0x1, 0x9e, 0xfd, 0x80, 0x0, 0xdf,
    0x96, 0xaf, 0xa0, 0x6f, 0x70, 0x0, 0xaf, 0x3a,
    0xf1, 0x0, 0x4, 0xf7, 0xcf, 0x0, 0x0, 0x2f,
    0x9c, 0xf0, 0x0, 0x2, 0xf9, 0xaf, 0x10, 0x0,
    0x4f, 0x76, 0xf7, 0x0, 0xa, 0xf3, 0xd, 0xf9,
    0x6a, 0xfa, 0x0, 0x19, 0xef, 0xd8, 0x0,

    /* U+00F6 "ö" */
    0x3, 0xf9, 0xc, 0xf0, 0x0, 0x2c, 0x70, 0x9c,
    0x0, 0x0, 0x0, 0x0, 0x0, 0x0, 0x0, 0x0,
    0x0, 0x0, 0x1, 0x9e, 0xfd, 0x80, 0x0, 0xdf,
    0x96, 0xaf, 0xa0, 0x6f, 0x70, 0x0, 0xaf, 0x3a,
    0xf1, 0x0, 0x4, 0xf7, 0xcf, 0x0, 0x0, 0x2f,
    0x9c, 0xf0, 0x0, 0x2, 0xf9, 0xaf, 0x10, 0x0,
    0x4f, 0x76, 0xf7, 0x0, 0xa, 0xf3, 0xd, 0xf9,
    0x6a, 0xfa, 0x0, 0x19, 0xef, 0xd8, 0x0,

    /* U+00F7 "÷" */
    0x0, 0x0, 0xaf, 0x80, 0x0, 0x0, 0x0, 0xa,
    0xf8, 0x0, 0x0, 0x0, 0x0, 0x12, 0x10, 0x0,
    0x0, 0x22, 0x22, 0x22, 0x22, 0x20, 0x3f, 0xff,
    0xff, 0xff, 0xff, 0x11, 0x55, 0x55, 0x55, 0x55,
    0x50, 0x0, 0x0, 0x12, 0x10, 0x0, 0x0, 0x0,
    0xa, 0xf8, 0x0, 0x0, 0x0, 0x0, 0xaf, 0x80,
    0x0, 0x0,

    /* U+00F8 "ø" */
    0x0, 0x0, 0x0, 0x0, 0x4, 0x0, 0x1, 0x9e,
    0xfd, 0x76, 0xe1, 0x0, 0xdf, 0x96, 0xaf, 0xf2,
    0x0, 0x6f, 0x70, 0x2, 0xff, 0x30, 0xa, 0xf0,
    0x1, 0xd7, 0xf7, 0x0, 0xce, 0x0, 0xc6, 0x1f,
    0x90, 0xc, 0xe0, 0xb9, 0x2, 0xf9, 0x0, 0xaf,
    0xab, 0x0, 0x4f, 0x70, 0x5, 0xfe, 0x10, 0xa,
    0xf3, 0x0, 0x5f, 0xf9, 0x6a, 0xfb, 0x0, 0x3e,
    0x38, 0xdf, 0xd8, 0x0, 0x1, 0x40, 0x0, 0x0,
    0x0, 0x0,

    /* U+00F9 "ù" */
    0x2, 0x83, 0x0, 0x0, 0x0, 0x9, 0xe1, 0x0,
    0x0, 0x0, 0xa, 0xc0, 0x0, 0x0, 0x0, 0x7,
    0x30, 0x0, 0x0, 0x0, 0x0, 0x0, 0x4, 0xf5,
    0x0, 0x6, 0xf3, 0x4f, 0x50, 0x0, 0x6f, 0x34,
    0xf5, 0x0, 0x6, 0xf3, 0x4f, 0x50, 0x0, 0x6f,
    0x34, 0xf5, 0x0, 0x6, 0xf3, 0x4f, 0x50, 0x0,
    0x6f, 0x34, 0xf5, 0x0, 0x8, 0xf3, 0x2f, 0x90,
    0x0, 0xdf, 0x30, 0xdf, 0x97, 0xcd, 0xf3, 0x2,
    0xbf, 0xe7, 0x6f, 0x30,

    /* U+00FA "ú" */
    0x0, 0x0, 0x4, 0x71, 0x0, 0x0, 0x3, 0xf7,
    0x0, 0x0, 0x1, 0xe7, 0x0, 0x0, 0x0, 0x46,
    0x0, 0x0, 0x0, 0x0, 0x0, 0x0, 0x4, 0xf5,
    0x0, 0x6, 0xf3, 0x4f, 0x50, 0x0, 0x6f, 0x34,
    0xf5, 0x0, 0x6, 0xf3, 0x4f, 0x50, 0x0, 0x6f,
    0x34, 0xf5, 0x0, 0x6, 0xf3, 0x4f, 0x50, 0x0,
    0x6f, 0x34, 0xf5, 0x0, 0x8, 0xf3, 0x2f, 0x90,
    0x0, 0xdf, 0x30, 0xdf, 0x97, 0xcd, 0xf3, 0x2,
    0xbf, 0xe7, 0x6f, 0x30,

    /* U+00FB "û" */
    0x0, 0x3, 0x81, 0x0, 0x0, 0x1, 0xed, 0xc0,
    0x0, 0x0, 0xaa, 0xc, 0x80, 0x0, 0x17, 0x0,
    0x17, 0x0, 0x0, 0x0, 0x0, 0x0, 0x4, 0xf5,
    0x0, 0x6, 0xf3, 0x4f, 0x50, 0x0, 0x6f, 0x34,
    0xf5, 0x0, 0x6, 0xf3, 0x4f, 0x50, 0x0, 0x6f,
    0x34, 0xf5, 0x0, 0x6, 0xf3, 0x4f, 0x50, 0x0,
    0x6f, 0x34, 0xf5, 0x0, 0x8, 0xf3, 0x2f, 0x90,
    0x0, 0xdf, 0x30, 0xdf, 0x97, 0xcd, 0xf3, 0x2,
    0xbf, 0xe7, 0x6f, 0x30,

    /* U+00FC "ü" */
    0x3, 0xf9, 0xc, 0xf0, 0x0, 0x2c, 0x70, 0x9c,
    0x0, 0x0, 0x0, 0x0, 0x0, 0x0, 0x0, 0x0,
    0x0, 0x0, 0x4f, 0x50, 0x0, 0x6f, 0x34, 0xf5,
    0x0, 0x6, 0xf3, 0x4f, 0x50, 0x0, 0x6f, 0x34,
    0xf5, 0x0, 0x6, 0xf3, 0x4f, 0x50, 0x0, 0x6f,
    0x34, 0xf5, 0x0, 0x6, 0xf3, 0x4f, 0x50, 0x0,
    0x8f, 0x32, 0xf9, 0x0, 0xd, 0xf3, 0xd, 0xf9,
    0x7c, 0xdf, 0x30, 0x2b, 0xfe, 0x76, 0xf3,

    /* U+00FD "ý" */
    0x0, 0x0, 0x0, 0xbe, 0x10, 0x0, 0x0, 0x0,
    0x6f, 0x30, 0x0, 0x0, 0x0, 0x2f, 0x50, 0x0,
    0x0, 0x0, 0x5, 0x50, 0x0, 0x0, 0xe, 0xc0,
    0x0, 0x0, 0xce, 0x0, 0x8f, 0x20, 0x0, 0x2f,
    0x90, 0x2, 0xf8, 0x0, 0x7, 0xf3, 0x0, 0xc,
    0xe0, 0x0, 0xdd, 0x0, 0x0, 0x5f, 0x40, 0x3f,
    0x70, 0x0, 0x0, 0xfa, 0x9, 0xf1, 0x0, 0x0,
    0x9, 0xf1, 0xeb, 0x0, 0x0, 0x0, 0x3f, 0xaf,
    0x50, 0x0, 0x0, 0x0, 0xdf, 0xe0, 0x0, 0x0,
    0x0, 0x7, 0xf9, 0x0, 0x0, 0x0, 0x0, 0x7f,
    0x30, 0x0, 0x0, 0x0, 0xd, 0xd0, 0x0, 0x0,
    0x2, 0x5a, 0xf5, 0x0, 0x0, 0x0, 0x6f, 0xe7,
    0x0, 0x0, 0x0,

    /* U+00FE "þ" */
    0x5f, 0x40, 0x0, 0x0, 0x5, 0xf4, 0x0, 0x0,
    0x0, 0x5f, 0x40, 0x0, 0x0, 0x5, 0xf4, 0x0,
    0x0, 0x0, 0x5f, 0x5a, 0xfe, 0xa1, 0x5, 0xfe,
    0xc6, 0x9f, 0xc0, 0x5f, 0xd0, 0x0, 0x7f, 0x55,
    0xf7, 0x0, 0x1, 0xf9, 0x5f, 0x50, 0x0, 0xf,
    0xb5, 0xf5, 0x0, 0x0, 0xfb, 0x5f, 0x70, 0x0,
    0x1f, 0x95, 0xfd, 0x0, 0x7, 0xf5, 0x5f, 0xec,
    0x69, 0xfc, 0x5, 0xf5, 0xaf, 0xfa, 0x10, 0x5f,
    0x40, 0x0, 0x0, 0x5, 0xf4, 0x0, 0x0, 0x0,
    0x5f, 0x40, 0x0, 0x0, 0x5, 0xf4, 0x0, 0x0,
    0x0,

    /* U+00FF "ÿ" */
    0x0, 0x3f, 0x90, 0xcf, 0x0, 0x0, 0x2, 0xc7,
    0x9, 0xc0, 0x0, 0x0, 0x0, 0x0, 0x0, 0x0,
    0x0, 0x0, 0x0, 0x0, 0x0, 0x0, 0xe, 0xc0,
    0x0, 0x0, 0xce, 0x0, 0x8f, 0x20, 0x0, 0x2f,
    0x90, 0x2, 0xf8, 0x0, 0x7, 0xf3, 0x0, 0xc,
    0xe0, 0x0, 0xdd, 0x0, 0x0, 0x5f, 0x40, 0x3f,
    0x70, 0x0, 0x0, 0xfa, 0x9, 0xf1, 0x0, 0x0,
    0x9, 0xf1, 0xeb, 0x0, 0x0, 0x0, 0x3f, 0xaf,
    0x50, 0x0, 0x0, 0x0, 0xdf, 0xe0, 0x0, 0x0,
    0x0, 0x7, 0xf9, 0x0, 0x0, 0x0, 0x0, 0x7f,
    0x30, 0x0, 0x0, 0x0, 0xd, 0xd0, 0x0, 0x0,
    0x2, 0x5a, 0xf5, 0x0, 0x0, 0x0, 0x6f, 0xe7,
    0x0, 0x0, 0x0,

    /* U+0391 "Α" */
    0x0, 0x0, 0xdf, 0xa0, 0x0, 0x0, 0x0, 0x1f,
    0xdf, 0x0, 0x0, 0x0, 0x6, 0xf4, 0xf4, 0x0,
    0x0, 0x0, 0xbc, 0xe, 0x90, 0x0, 0x0, 0x1f,
    0x80, 0xae, 0x0, 0x0, 0x5, 0xf3, 0x6, 0xf3,
    0x0, 0x0, 0xae, 0x0, 0x1f, 0x80, 0x0, 0xf,
    0xb1, 0x11, 0xdd, 0x0, 0x4, 0xff, 0xff, 0xff,
    0xf1, 0x0, 0x9f, 0x54, 0x44, 0x7f, 0x60, 0xe,
    0xc0, 0x0, 0x0, 0xfb, 0x3, 0xf8, 0x0, 0x0,
    0xb, 0xf1, 0x8f, 0x40, 0x0, 0x0, 0x7f, 0x50,

    /* U+0392 "Β" */
    0x8f, 0xff, 0xfd, 0xa2, 0x8, 0xf9, 0x77, 0x9f,
    0xf1, 0x8f, 0x40, 0x0, 0x6f, 0x78, 0xf4, 0x0,
    0x5, 0xf7, 0x8f, 0x51, 0x24, 0xdf, 0x28, 0xff,
    0xff, 0xfd, 0x20, 0x8f, 0x74, 0x57, 0xed, 0x18,
    0xf4, 0x0, 0x2, 0xfa, 0x8f, 0x40, 0x0, 0xe,
    0xe8, 0xf4, 0x0, 0x0, 0xdf, 0x8f, 0x40, 0x0,
    0x2f, 0xc8, 0xf9, 0x77, 0x9f, 0xf4, 0x8f, 0xff,
    0xfe, 0xb4, 0x0,

    /* U+0393 "Γ" */
    0x1f, 0xff, 0xff, 0xff, 0xf0, 0x1f, 0xd7, 0x77,
    0x77, 0x70, 0x1f, 0xa0, 0x0, 0x0, 0x0, 0x1f,
    0xa0, 0x0, 0x0, 0x0, 0x1f, 0xa0, 0x0, 0x0,
    0x0, 0x1f, 0xa0, 0x0, 0x0, 0x0, 0x1f, 0xa0,
    0x0, 0x0, 0x0, 0x1f, 0xa0, 0x0, 0x0, 0x0,
    0x1f, 0xa0, 0x0, 0x0, 0x0, 0x1f, 0xa0, 0x0,
    0x0, 0x0, 0x1f, 0xa0, 0x0, 0x0, 0x0, 0x1f,
    0xa0, 0x0, 0x0, 0x0, 0x1f, 0xa0, 0x0, 0x0,
    0x0,

    /* U+0394 "Δ" */
    0x0, 0x0, 0xdf, 0xa0, 0x0, 0x0, 0x0, 0x1f,
    0xff, 0x0, 0x0, 0x0, 0x6, 0xf7, 0xf4, 0x0,
    0x0, 0x0, 0xbd, 0xf, 0x90, 0x0, 0x0, 0x1f,
    0x90, 0xbe, 0x0, 0x0, 0x5, 0xf4, 0x7, 0xf3,
    0x0, 0x0, 0xaf, 0x0, 0x2f, 0x80, 0x0, 0xf,
    0xb0, 0x0, 0xed, 0x0, 0x4, 0xf6, 0x0, 0x9,
    0xf1, 0x0, 0x9f, 0x20, 0x0, 0x5f, 0x60, 0xe,
    0xd0, 0x0, 0x0, 0xfb, 0x3, 0xfd, 0x77, 0x77,
    0x7e, 0xf1, 0x8f, 0xff, 0xff, 0xff, 0xff, 0x50,

    /* U+0395 "Ε" */
    0x4f, 0xff, 0xff, 0xff, 0x84, 0xfb, 0x77, 0x77,
    0x73, 0x4f, 0x80, 0x0, 0x0, 0x4, 0xf8, 0x0,
    0x0, 0x0, 0x4f, 0x92, 0x22, 0x22, 0x4, 0xff,
    0xff, 0xff, 0xf4, 0x4f, 0xa5, 0x55, 0x55, 0x14,
    0xf8, 0x0, 0x0, 0x0, 0x4f, 0x80, 0x0, 0x0,
    0x4, 0xf8, 0x0, 0x0, 0x0, 0x4f, 0x80, 0x0,
    0x0, 0x4, 0xfb, 0x77, 0x77, 0x75, 0x4f, 0xff,
    0xff, 0xff, 0xb0,

    /* U+0396 "Ζ" */
    0x7f, 0xff, 0xff, 0xff, 0xf1, 0x37, 0x77, 0x77,
    0x8f, 0xe0, 0x0, 0x0, 0x0, 0x9f, 0x40, 0x0,
    0x0, 0x4, 0xf9, 0x0, 0x0, 0x0, 0xe, 0xe0,
    0x0, 0x0, 0x0, 0x9f, 0x40, 0x0, 0x0, 0x4,
    0xf9, 0x0, 0x0, 0x0, 0xd, 0xd0, 0x0, 0x0,
    0x0, 0x8f, 0x40, 0x0, 0x0, 0x3, 0xf9, 0x0,
    0x0, 0x0, 0xd, 0xd0, 0x0, 0x0, 0x0, 0x7f,
    0xa7, 0x77, 0x77, 0x72, 0xaf, 0xff, 0xff, 0xff,
    0xf4,

    /* U+0397 "Η" */
    0xcf, 0x0, 0x0, 0x2f, 0xac, 0xf0, 0x0, 0x2,
    0xfa, 0xcf, 0x0, 0x0, 0x2f, 0xac, 0xf0, 0x0,
    0x2, 0xfa, 0xcf, 0x22, 0x22, 0x4f, 0xac, 0xff,
    0xff, 0xff, 0xfa, 0xcf, 0x55, 0x55, 0x6f, 0xac,
    0xf0, 0x0, 0x2, 0xfa, 0xcf, 0x0, 0x0, 0x2f,
    0xac, 0xf0, 0x0, 0x2, 0xfa, 0xcf, 0x0, 0x0,
    0x2f, 0xac, 0xf0, 0x0, 0x2, 0xfa, 0xcf, 0x0,
    0x0, 0x2f, 0xa0,

    /* U+0398 "Θ" */
    0x0, 0x8e, 0xfd, 0x70, 0x0, 0xcf, 0xa7, 0xbf,
    0x90, 0x5f, 0x90, 0x0, 0xbf, 0x2a, 0xf2, 0x0,
    0x5, 0xf7, 0xdf, 0x2, 0x22, 0x3f, 0xae, 0xe5,
    0xff, 0xf4, 0xfc, 0xfe, 0x15, 0x55, 0x1f, 0xce,
    0xe0, 0x0, 0x1, 0xfc, 0xdf, 0x0, 0x0, 0x2f,
    0xaa, 0xf2, 0x0, 0x5, 0xf7, 0x5f, 0x80, 0x0,
    0xbf, 0x20, 0xcf, 0xa7, 0xbf, 0x90, 0x0, 0x9e,
    0xfd, 0x70, 0x0,

    /* U+0399 "Ι" */
    0x3f, 0xff, 0xff, 0xff, 0x1, 0x77, 0xbf, 0xa7,
    0x70, 0x0, 0x7, 0xf4, 0x0, 0x0, 0x0, 0x7f,
    0x40, 0x0, 0x0, 0x7, 0xf4, 0x0, 0x0, 0x0,
    0x7f, 0x40, 0x0, 0x0, 0x7, 0xf4, 0x0, 0x0,
    0x0, 0x7f, 0x40, 0x0, 0x0, 0x7, 0xf4, 0x0,
    0x0, 0x0, 0x7f, 0x40, 0x0, 0x0, 0x7, 0xf4,
    0x0, 0x1, 0x77, 0xbf, 0xa7, 0x70, 0x3f, 0xff,
    0xff, 0xff, 0x0,

    /* U+039A "Κ" */
    0xcf, 0x0, 0x0, 0x1d, 0xf3, 0xcf, 0x0, 0x1,
    0xdf, 0x30, 0xcf, 0x0, 0xc, 0xf4, 0x0, 0xcf,
    0x0, 0xcf, 0x40, 0x0, 0xcf, 0xc, 0xf5, 0x0,
    0x0, 0xcf, 0xbf, 0xb0, 0x0, 0x0, 0xcf, 0xfc,
    0xf5, 0x0, 0x0, 0xcf, 0x61, 0xee, 0x10, 0x0,
    0xcf, 0x0, 0x5f, 0xb0, 0x0, 0xcf, 0x0, 0xa,
    0xf5, 0x0, 0xcf, 0x0, 0x1, 0xef, 0x10, 0xcf,
    0x0, 0x0, 0x5f, 0xb0, 0xcf, 0x0, 0x0, 0xb,
    0xf6,

    /* U+039B "Λ" */
    0x0, 0x0, 0xdf, 0xa0, 0x0, 0x0, 0x0, 0x1f,
    0xff, 0x0, 0x0, 0x0, 0x6, 0xf7, 0xf4, 0x0,
    0x0, 0x0, 0xbd, 0xf, 0x90, 0x0, 0x0, 0x1f,
    0x90, 0xbe, 0x0, 0x0, 0x5, 0xf4, 0x7, 0xf3,
    0x0, 0x0, 0xaf, 0x0, 0x2f, 0x80, 0x0, 0xf,
    0xb0, 0x0, 0xed, 0x0, 0x4, 0xf6, 0x0, 0x9,
    0xf1, 0x0, 0x9f, 0x20, 0x0, 0x5f, 0x60, 0xe,
    0xd0, 0x0, 0x0, 0xfb, 0x3, 0xf9, 0x0, 0x0,
    0xc, 0xf1, 0x8f, 0x40, 0x0, 0x0, 0x7f, 0x50,

    /* U+039C "Μ" */
    0x4f, 0xf4, 0x0, 0x7, 0xff, 0x14, 0xff, 0xa0,
    0x0, 0xdf, 0xf1, 0x4f, 0xaf, 0x0, 0x2f, 0xaf,
    0x14, 0xf6, 0xe5, 0x8, 0xb9, 0xf1, 0x4f, 0x69,
    0xa0, 0xd6, 0x9f, 0x14, 0xf6, 0x4f, 0x4f, 0x19,
    0xf1, 0x4f, 0x60, 0xed, 0xb0, 0x9f, 0x14, 0xf6,
    0x9, 0xf6, 0x9, 0xf1, 0x4f, 0x60, 0x16, 0x0,
    0x9f, 0x14, 0xf6, 0x0, 0x0, 0x9, 0xf1, 0x4f,
    0x60, 0x0, 0x0, 0x9f, 0x14, 0xf6, 0x0, 0x0,
    0x9, 0xf1, 0x4f, 0x60, 0x0, 0x0, 0x9f, 0x10,

    /* U+039D "Ν" */
    0xcf, 0xa0, 0x0, 0x1f, 0x9c, 0xff, 0x10, 0x1,
    0xf9, 0xcf, 0xf8, 0x0, 0x1f, 0x9c, 0xf9, 0xe0,
    0x1, 0xf9, 0xcf, 0x2f, 0x50, 0x1f, 0x9c, 0xf0,
    0xbb, 0x1, 0xf9, 0xcf, 0x5, 0xf2, 0x1f, 0x9c,
    0xf0, 0xe, 0x91, 0xf9, 0xcf, 0x0, 0x8f, 0x2f,
    0x9c, 0xf0, 0x1, 0xf8, 0xf9, 0xcf, 0x0, 0xa,
    0xef, 0x9c, 0xf0, 0x0, 0x4f, 0xf9, 0xcf, 0x0,
    0x0, 0xdf, 0x90,

    /* U+039E "Ξ" */
    0xcf, 0xff, 0xff, 0xff, 0xa6, 0x77, 0x77, 0x77,
    0x74, 0x0, 0x0, 0x0, 0x0, 0x0, 0x0, 0x0,
    0x0, 0x0, 0x0, 0x22, 0x22, 0x10, 0x0, 0xf,
    0xff, 0xfd, 0x0, 0x0, 0x55, 0x55, 0x40, 0x0,
    0x0, 0x0, 0x0, 0x0, 0x0, 0x0, 0x0, 0x0,
    0x0, 0x0, 0x0, 0x0, 0x0, 0x0, 0x0, 0x0,
    0x0, 0x6, 0x77, 0x77, 0x77, 0x74, 0xcf, 0xff,
    0xff, 0xff, 0xa0,

    /* U+039F "Ο" */
    0x0, 0x8e, 0xfd, 0x70, 0x0, 0xcf, 0xa7, 0xbf,
    0x90, 0x5f, 0x90, 0x0, 0xbf, 0x2a, 0xf2, 0x0,
    0x5, 0xf7, 0xdf, 0x0, 0x0, 0x2f, 0xae, 0xe0,
    0x0, 0x1, 0xfc, 0xfe, 0x0, 0x0, 0xf, 0xce,
    0xe0, 0x0, 0x1, 0xfc, 0xdf, 0x0, 0x0, 0x2f,
    0xaa, 0xf2, 0x0, 0x5, 0xf7, 0x5f, 0x80, 0x0,
    0xbf, 0x20, 0xcf, 0xa7, 0xbf, 0x90, 0x0, 0x9e,
    0xfd, 0x70, 0x0,

    /* U+03A0 "Π" */
    0xcf, 0xff, 0xff, 0xff, 0xac, 0xf7, 0x77, 0x79,
    0xfa, 0xcf, 0x0, 0x0, 0x2f, 0xac, 0xf0, 0x0,
    0x2, 0xfa, 0xcf, 0x0, 0x0, 0x2f, 0xac, 0xf0,
    0x0, 0x2, 0xfa, 0xcf, 0x0, 0x0, 0x2f, 0xac,
    0xf0, 0x0, 0x2, 0xfa, 0xcf, 0x0, 0x0, 0x2f,
    0xac, 0xf0, 0x0, 0x2, 0xfa, 0xcf, 0x0, 0x0,
    0x2f, 0xac, 0xf0, 0x0, 0x2, 0xfa, 0xcf, 0x0,
    0x0, 0x2f, 0xa0,

    /* U+03A1 "Ρ" */
    0x4f, 0xff, 0xfe, 0xb4, 0x0, 0x4f, 0xb7, 0x79,
    0xff, 0x50, 0x4f, 0x80, 0x0, 0x3f, 0xd0, 0x4f,
    0x80, 0x0, 0xe, 0xf0, 0x4f, 0x80, 0x0, 0xf,
    0xe0, 0x4f, 0x92, 0x24, 0xcf, 0x90, 0x4f, 0xff,
    0xff, 0xfa, 0x0, 0x4f, 0xa5, 0x44, 0x10, 0x0,
    0x4f, 0x80, 0x0, 0x0, 0x0, 0x4f, 0x80, 0x0,
    0x0, 0x0, 0x4f, 0x80, 0x0, 0x0, 0x0, 0x4f,
    0x80, 0x0, 0x0, 0x0, 0x4f, 0x80, 0x0, 0x0,
    0x0,

    /* U+03A3 "Σ" */
    0xff, 0xff, 0xff, 0xff, 0xfd, 0xf8, 0x77, 0x77,
    0x77, 0x2f, 0xb0, 0x0, 0x0, 0x0, 0x5f, 0x80,
    0x0, 0x0, 0x0, 0x8f, 0x50, 0x0, 0x0, 0x0,
    0xbf, 0x20, 0x0, 0x0, 0x2, 0xfb, 0x0, 0x0,
    0x0, 0xbf, 0x20, 0x0, 0x0, 0x8f, 0x50, 0x0,
    0x0, 0x5f, 0x80, 0x0, 0x0, 0x2f, 0xb0, 0x0,
    0x0, 0xd, 0xf8, 0x77, 0x77, 0x77, 0xff, 0xff,
    0xff, 0xff, 0xf0,

    /* U+03A4 "Τ" */
    0x9f, 0xff, 0xff, 0xff, 0xff, 0x64, 0x77, 0x7b,
    0xfa, 0x77, 0x73, 0x0, 0x0, 0x7f, 0x50, 0x0,
    0x0, 0x0, 0x7, 0xf5, 0x0, 0x0, 0x0, 0x0,
    0x7f, 0x50, 0x0, 0x0, 0x0, 0x7, 0xf5, 0x0,
    0x0, 0x0, 0x0, 0x7f, 0x50, 0x0, 0x0, 0x0,
    0x7, 0xf5, 0x0, 0x0, 0x0, 0x0, 0x7f, 0x50,
    0x0, 0x0, 0x0, 0x7, 0xf5, 0x0, 0x0, 0x0,
    0x0, 0x7f, 0x50, 0x0, 0x0, 0x0, 0x7, 0xf5,
    0x0, 0x0, 0x0, 0x0, 0x7f, 0x50, 0x0, 0x0,

    /* U+03A5 "Υ" */
    0x6f, 0x70, 0x0, 0x0, 0xaf, 0x30, 0xcf, 0x10,
    0x0, 0x3f, 0xa0, 0x3, 0xf9, 0x0, 0xc, 0xf1,
    0x0, 0xa, 0xf2, 0x5, 0xf7, 0x0, 0x0, 0x1f,
    0xb0, 0xdd, 0x0, 0x0, 0x0, 0x7f, 0xbf, 0x40,
    0x0, 0x0, 0x0, 0xdf, 0xb0, 0x0, 0x0, 0x0,
    0x7, 0xf4, 0x0, 0x0, 0x0, 0x0, 0x7f, 0x40,
    0x0, 0x0, 0x0, 0x7, 0xf4, 0x0, 0x0, 0x0,
    0x0, 0x7f, 0x40, 0x0, 0x0, 0x0, 0x7, 0xf4,
    0x0, 0x0, 0x0, 0x0, 0x7f, 0x40, 0x0, 0x0,

    /* U+03A6 "Φ" */
    0x0, 0xcf, 0xff, 0x90, 0x0, 0x6, 0xbf, 0xa4,
    0x0, 0x0, 0x3b, 0xf9, 0x20, 0x1, 0xcf, 0xff,
    0xff, 0xa0, 0x9f, 0x98, 0xf6, 0xcf, 0x6d, 0xf0,
    0x7f, 0x43, 0xfb, 0xfe, 0x7, 0xf4, 0x1f, 0xcd,
    0xf0, 0x7f, 0x43, 0xfb, 0x9f, 0x98, 0xf6, 0xbf,
    0x61, 0xcf, 0xff, 0xff, 0xa0, 0x0, 0x4b, 0xf9,
    0x30, 0x0, 0x6, 0xbf, 0xa4, 0x0, 0x0, 0xcf,
    0xff, 0x90, 0x0,

    /* U+03A7 "Χ" */
    0xe, 0xe0, 0x0, 0x0, 0xcf, 0x10, 0x5f, 0x80,
    0x0, 0x6f, 0x60, 0x0, 0xbf, 0x20, 0x1e, 0xc0,
    0x0, 0x1, 0xfb, 0x9, 0xf2, 0x0, 0x0, 0x7,
    0xf8, 0xf7, 0x0, 0x0, 0x0, 0xd, 0xfd, 0x0,
    0x0, 0x0, 0x0, 0xbf, 0xb0, 0x0, 0x0, 0x0,
    0x5f, 0xcf, 0x40, 0x0, 0x0, 0x1e, 0xd0, 0xdd,
    0x0, 0x0, 0x9, 0xf4, 0x4, 0xf8, 0x0, 0x4,
    0xfa, 0x0, 0xa, 0xf2, 0x0, 0xde, 0x10, 0x0,
    0x2f, 0xb0, 0x8f, 0x60, 0x0, 0x0, 0x8f, 0x50,

    /* U+03A8 "Ψ" */
    0xfd, 0x7, 0xf4, 0xf, 0xcf, 0xd0, 0x7f, 0x40,
    0xfc, 0xfd, 0x7, 0xf4, 0xf, 0xcf, 0xd0, 0x7f,
    0x40, 0xfc, 0xee, 0x7, 0xf4, 0x1f, 0xbc, 0xf0,
    0x7f, 0x43, 0xf9, 0x8f, 0x47, 0xf4, 0x7f, 0x52,
    0xfc, 0x8f, 0x6e, 0xe0, 0x8, 0xff, 0xff, 0xf5,
    0x0, 0x4, 0xcf, 0xb3, 0x0, 0x0, 0x7, 0xf4,
    0x0, 0x0, 0x6, 0xbf, 0xa4, 0x0, 0x0, 0xcf,
    0xff, 0x90, 0x0,

    /* U+03A9 "Ω" */
    0x0, 0x8, 0xef, 0xd7, 0x0, 0x0, 0xc, 0xfa,
    0x7b, 0xfa, 0x0, 0x7, 0xf6, 0x0, 0x9, 0xf4,
    0x0, 0xee, 0x0, 0x0, 0x1f, 0xb0, 0x1f, 0xa0,
    0x0, 0x0, 0xce, 0x3, 0xf8, 0x0, 0x0, 0xb,
    0xf0, 0x3f, 0x80, 0x0, 0x0, 0xbf, 0x2, 0xf9,
    0x0, 0x0, 0xc, 0xf0, 0xe, 0xd0, 0x0, 0x0,
    0xfb, 0x0, 0x8f, 0x20, 0x0, 0x5f, 0x50, 0x1,
    0xeb, 0x0, 0xd, 0xc0, 0x2, 0x8b, 0xf9, 0xb,
    0xf9, 0x81, 0x5f, 0xff, 0xb0, 0xef, 0xff, 0x30,

    /* U+03B1 "α" */
    0x0, 0x5d, 0xfd, 0x50, 0xac, 0x0, 0x6f, 0x93,
    0x9f, 0x4f, 0x70, 0xf, 0xd0, 0x0, 0xee, 0xf1,
    0x4, 0xf8, 0x0, 0x9, 0xfc, 0x0, 0x5f, 0x60,
    0x0, 0x6f, 0x70, 0x5, 0xf5, 0x0, 0x5, 0xf3,
    0x0, 0x4f, 0x70, 0x0, 0xaf, 0x50, 0x0, 0xfc,
    0x0, 0x1f, 0xf9, 0x0, 0x7, 0xf8, 0x2b, 0xeb,
    0xf6, 0x10, 0x7, 0xef, 0xd4, 0x1b, 0xf4,

    /* U+03B2 "β" */
    0x1, 0xae, 0xfd, 0x60, 0x0, 0xef, 0xcb, 0xef,
    0x50, 0x6f, 0x70, 0x1, 0xeb, 0x9, 0xf1, 0x0,
    0xb, 0xd0, 0xaf, 0x0, 0x0, 0xcd, 0xa, 0xf0,
    0x0, 0x2f, 0xa0, 0xaf, 0x1, 0x5d, 0xf4, 0xa,
    0xf0, 0xef, 0xfc, 0x10, 0xaf, 0x3, 0x58, 0xef,
    0x3a, 0xf0, 0x0, 0x2, 0xfb, 0xaf, 0x0, 0x0,
    0xd, 0xda, 0xf3, 0x0, 0x1, 0xfb, 0xaf, 0xfa,
    0x66, 0xcf, 0x4a, 0xf8, 0xdf, 0xfb, 0x40, 0xaf,
    0x0, 0x0, 0x0, 0xa, 0xf0, 0x0, 0x0, 0x0,
    0xaf, 0x0, 0x0, 0x0, 0xa, 0xf0, 0x0, 0x0,
    0x0,

    /* U+03B3 "γ" */
    0xbe, 0x60, 0x0, 0x0, 0xec, 0x4c, 0xf2, 0x0,
    0x4, 0xf6, 0x1, 0xf8, 0x0, 0xa, 0xf1, 0x0,
    0xbd, 0x0, 0xf, 0xa0, 0x0, 0x5f, 0x30, 0x6f,
    0x50, 0x0, 0xf, 0x90, 0xbe, 0x0, 0x0, 0xa,
    0xe2, 0xf9, 0x0, 0x0, 0x5, 0xfc, 0xf3, 0x0,
    0x0, 0x0, 0xff, 0xd0, 0x0, 0x0, 0x0, 0xaf,
    0x70, 0x0, 0x0, 0x0, 0x6f, 0x40, 0x0, 0x0,
    0x0, 0x6f, 0x40, 0x0, 0x0, 0x0, 0x6f, 0x40,
    0x0, 0x0, 0x0, 0x6f, 0x40, 0x0,

    /* U+03B4 "δ" */
    0x1, 0x8d, 0xff, 0xc3, 0x0, 0xcf, 0xb7, 0x8b,
    0x50, 0x1f, 0xc0, 0x0, 0x0, 0x0, 0xdd, 0x10,
    0x0, 0x0, 0x5, 0xff, 0xfd, 0x80, 0x1, 0xef,
    0x96, 0xaf, 0xa0, 0x7f, 0x70, 0x0, 0xaf, 0x3b,
    0xf1, 0x0, 0x4, 0xf7, 0xcf, 0x0, 0x0, 0x2f,
    0x9c, 0xf0, 0x0, 0x2, 0xf9, 0xaf, 0x10, 0x0,
    0x4f, 0x75, 0xf7, 0x0, 0xa, 0xf3, 0xc, 0xf9,
    0x6a, 0xfa, 0x0, 0x19, 0xef, 0xd8, 0x0,

    /* U+03B5 "ε" */
    0x1, 0x9d, 0xff, 0xda, 0x0, 0xef, 0x97, 0x78,
    0xb0, 0x3f, 0x70, 0x0, 0x0, 0x0, 0xdc, 0x30,
    0x0, 0x0, 0x1, 0xbf, 0xff, 0x40, 0x0, 0xce,
    0x64, 0x30, 0x0, 0x6f, 0x30, 0x0, 0x0, 0x7,
    0xf5, 0x0, 0x0, 0x0, 0x1e, 0xfa, 0x76, 0x8b,
    0x50, 0x29, 0xdf, 0xfe, 0xb3,

    /* U+03B6 "ζ" */
    0x5f, 0xff, 0xff, 0xff, 0x53, 0x99, 0x9a, 0xff,
    0xf3, 0x0, 0x2, 0xcf, 0xb2, 0x0, 0x3, 0xef,
    0x60, 0x0, 0x1, 0xef, 0x30, 0x0, 0x0, 0xbf,
    0x30, 0x0, 0x0, 0x3f, 0x80, 0x0, 0x0, 0x8,
    0xf2, 0x0, 0x0, 0x0, 0xaf, 0x0, 0x0, 0x0,
    0x9, 0xf1, 0x0, 0x0, 0x0, 0x7f, 0x50, 0x0,
    0x0, 0x1, 0xfe, 0x10, 0x0, 0x0, 0x6, 0xfe,
    0x85, 0x20, 0x0, 0x4, 0xbe, 0xff, 0x80, 0x0,
    0x0, 0x0, 0x9f, 0x10, 0x0, 0x0, 0x4, 0xf3,
    0x0, 0x0, 0x4, 0xde, 0x0, 0x0, 0x0, 0x7d,
    0x40,

    /* U+03B7 "η" */
    0x4f, 0x59, 0xef, 0xb1, 0x4, 0xfe, 0x83, 0x6f,
    0xc0, 0x4f, 0xb0, 0x0, 0x9f, 0x14, 0xf6, 0x0,
    0x6, 0xf3, 0x4f, 0x50, 0x0, 0x6f, 0x34, 0xf5,
    0x0, 0x6, 0xf3, 0x4f, 0x50, 0x0, 0x6f, 0x34,
    0xf5, 0x0, 0x6, 0xf3, 0x4f, 0x50, 0x0, 0x6f,
    0x34, 0xf5, 0x0, 0x6, 0xf3, 0x0, 0x0, 0x0,
    0x6f, 0x30, 0x0, 0x0, 0x6, 0xf3, 0x0, 0x0,
    0x0, 0x6f, 0x30, 0x0, 0x0, 0x6, 0xf3,

    /* U+03B8 "θ" */
    0x0, 0x7d, 0xfd, 0x50, 0x0, 0x9f, 0xa6, 0xbf,
    0x60, 0x2f, 0x90, 0x0, 0xce, 0x7, 0xf3, 0x0,
    0x6, 0xf4, 0xaf, 0x0, 0x0, 0x3f, 0x7c, 0xf9,
    0x99, 0x9a, 0xf9, 0xcf, 0xff, 0xff, 0xff, 0xac,
    0xf0, 0x0, 0x2, 0xf9, 0xaf, 0x10, 0x0, 0x4f,
    0x77, 0xf5, 0x0, 0x7, 0xf4, 0x2f, 0xb0, 0x0,
    0xde, 0x0, 0x9f, 0xa6, 0xcf, 0x60, 0x0, 0x7e,
    0xfd, 0x60, 0x0,

    /* U+03B9 "ι" */
    0x4f, 0xff, 0x30, 0x1, 0x38, 0xf3, 0x0, 0x0,
    0x6f, 0x30, 0x0, 0x6, 0xf3, 0x0, 0x0, 0x6f,
    0x30, 0x0, 0x6, 0xf3, 0x0, 0x0, 0x6f, 0x30,
    0x0, 0x5, 0xf4, 0x0, 0x0, 0x1f, 0xd6, 0x30,
    0x0, 0x4d, 0xf9,

    /* U+03BA "κ" */
    0xec, 0x0, 0x8, 0xf7, 0xe, 0xc0, 0x8, 0xf6,
    0x0, 0xec, 0x8, 0xf6, 0x0, 0xe, 0xc9, 0xf6,
    0x0, 0x0, 0xef, 0xff, 0x90, 0x0, 0xe, 0xf4,
    0x9f, 0x50, 0x0, 0xec, 0x0, 0xde, 0x10, 0xe,
    0xc0, 0x3, 0xfc, 0x0, 0xec, 0x0, 0x7, 0xf7,
    0xe, 0xc0, 0x0, 0xc, 0xf3,

    /* U+03BB "λ" */
    0x0, 0xee, 0xa1, 0x0, 0x0, 0x0, 0x5, 0x9f,
    0x90, 0x0, 0x0, 0x0, 0x0, 0xbf, 0x0, 0x0,
    0x0, 0x0, 0x5, 0xf5, 0x0, 0x0, 0x0, 0x0,
    0x3f, 0xb0, 0x0, 0x0, 0x0, 0xa, 0xff, 0x10,
    0x0, 0x0, 0x1, 0xfe, 0xf7, 0x0, 0x0, 0x0,
    0x8f, 0x4e, 0xc0, 0x0, 0x0, 0xe, 0xc0, 0x8f,
    0x20, 0x0, 0x6, 0xf5, 0x3, 0xf8, 0x0, 0x0,
    0xde, 0x0, 0xd, 0xe0, 0x0, 0x4f, 0x70, 0x0,
    0x7f, 0x40, 0xb, 0xf0, 0x0, 0x1, 0xfa, 0x2,
    0xf8, 0x0, 0x0, 0xb, 0xf0,

    /* U+03BC "μ" */
    0x4f, 0x50, 0x0, 0x6f, 0x30, 0x4f, 0x50, 0x0,
    0x6f, 0x30, 0x4f, 0x50, 0x0, 0x6f, 0x30, 0x4f,
    0x50, 0x0, 0x6f, 0x30, 0x4f, 0x50, 0x0, 0x6f,
    0x30, 0x4f, 0x50, 0x0, 0x6f, 0x30, 0x4f, 0x60,
    0x0, 0x7f, 0x30, 0x4f, 0xa0, 0x0, 0xcf, 0x30,
    0x4f, 0xfa, 0x7b, 0xef, 0xa3, 0x4f, 0x5c, 0xfc,
    0x2b, 0xe4, 0x4f, 0x30, 0x0, 0x0, 0x0, 0x4f,
    0x30, 0x0, 0x0, 0x0, 0x4f, 0x30, 0x0, 0x0,
    0x0, 0x4f, 0x30, 0x0, 0x0, 0x0,

    /* U+03BD "ν" */
    0xde, 0x0, 0x2, 0xf8, 0x8, 0xf3, 0x0, 0x8,
    0xf1, 0x3f, 0x80, 0x0, 0x3f, 0x60, 0xed, 0x0,
    0x1, 0xf8, 0xa, 0xf1, 0x0, 0x3f, 0x70, 0x5f,
    0x60, 0xa, 0xf3, 0x0, 0xfb, 0x4, 0xfa, 0x0,
    0xb, 0xf2, 0xed, 0x10, 0x0, 0x6f, 0xef, 0x20,
    0x0, 0x1, 0xff, 0x30, 0x0,

    /* U+03BE "ξ" */
    0xf, 0xff, 0xff, 0xff, 0x0, 0x9d, 0xff, 0xca,
    0x90, 0x6, 0xf8, 0x10, 0x0, 0x0, 0xfa, 0x0,
    0x0, 0x0, 0x1f, 0x70, 0x0, 0x0, 0x0, 0xdd,
    0x30, 0x0, 0x0, 0x3, 0xdf, 0xec, 0xb0, 0x0,
    0x19, 0xff, 0xff, 0x0, 0x1e, 0xe6, 0x21, 0x0,
    0x7, 0xf2, 0x0, 0x0, 0x0, 0x8f, 0x20, 0x0,
    0x0, 0x4, 0xfa, 0x0, 0x0, 0x0, 0xa, 0xfd,
    0x86, 0x40, 0x0, 0x5, 0xbe, 0xff, 0xc0, 0x0,
    0x0, 0x0, 0x5f, 0x50, 0x0, 0x0, 0x1, 0xf7,
    0x0, 0x0, 0x2, 0xcf, 0x30, 0x0, 0x0, 0x4d,
    0x60,

    /* U+03BF "ο" */
    0x1, 0x9e, 0xfd, 0x80, 0x0, 0xdf, 0x96, 0xaf,
    0xa0, 0x6f, 0x70, 0x0, 0xaf, 0x3a, 0xf1, 0x0,
    0x4, 0xf7, 0xcf, 0x0, 0x0, 0x2f, 0x9c, 0xf0,
    0x0, 0x2, 0xf9, 0xaf, 0x10, 0x0, 0x4f, 0x76,
    0xf7, 0x0, 0xa, 0xf3, 0xd, 0xf9, 0x6a, 0xfb,
    0x0, 0x19, 0xef, 0xd8, 0x0,

    /* U+03C0 "π" */
    0x4f, 0xff, 0xff, 0xff, 0xff, 0x22, 0x9f, 0xd9,
    0x99, 0xef, 0x91, 0x0, 0xf8, 0x0, 0xb, 0xe0,
    0x0, 0xf, 0x80, 0x0, 0xbe, 0x0, 0x0, 0xf8,
    0x0, 0xb, 0xe0, 0x0, 0xf, 0x80, 0x0, 0xbe,
    0x0, 0x0, 0xf8, 0x0, 0xb, 0xe0, 0x0, 0xf,
    0x80, 0x0, 0xae, 0x0, 0x0, 0xf8, 0x0, 0x9,
    0xf6, 0x20, 0xf, 0x80, 0x0, 0x3e, 0xf6,

    /* U+03C1 "ρ" */
    0x0, 0x5d, 0xfe, 0x91, 0x0, 0x6f, 0xc6, 0x9f,
    0xc0, 0xe, 0xd0, 0x0, 0x7f, 0x52, 0xf7, 0x0,
    0x1, 0xf9, 0x4f, 0x50, 0x0, 0xf, 0xb5, 0xf5,
    0x0, 0x0, 0xfb, 0x5f, 0x70, 0x0, 0x1f, 0x95,
    0xfd, 0x0, 0x7, 0xf5, 0x5f, 0xec, 0x69, 0xfc,
    0x5, 0xf5, 0xaf, 0xfa, 0x10, 0x5f, 0x40, 0x0,
    0x0, 0x5, 0xf4, 0x0, 0x0, 0x0, 0x5f, 0x40,
    0x0, 0x0, 0x5, 0xf4, 0x0, 0x0, 0x0,

    /* U+03C2 "ς" */
    0x0, 0x29, 0xef, 0xd9, 0x10, 0x2e, 0xf9, 0x68,
    0xd5, 0xc, 0xf3, 0x0, 0x0, 0x11, 0xfa, 0x0,
    0x0, 0x0, 0x3f, 0x70, 0x0, 0x0, 0x3, 0xf7,
    0x0, 0x0, 0x0, 0x1f, 0xa0, 0x0, 0x0, 0x0,
    0xcf, 0x20, 0x0, 0x0, 0x2, 0xff, 0x85, 0x20,
    0x0, 0x2, 0xae, 0xff, 0x70, 0x0, 0x0, 0x0,
    0xaf, 0x0, 0x0, 0x0, 0x6, 0xf1, 0x0, 0x0,
    0x5, 0xed, 0x0, 0x0, 0x0, 0x9c, 0x30,

    /* U+03C3 "σ" */
    0x1, 0xae, 0xff, 0xff, 0xf0, 0xdf, 0xcb, 0xff,
    0xa9, 0x6f, 0x70, 0x4, 0xfa, 0xa, 0xf0, 0x0,
    0x8, 0xf3, 0xcf, 0x0, 0x0, 0x3f, 0x8c, 0xf0,
    0x0, 0x1, 0xf9, 0xaf, 0x10, 0x0, 0x3f, 0x85,
    0xf8, 0x0, 0xa, 0xf3, 0xc, 0xf9, 0x6b, 0xf9,
    0x0, 0x19, 0xef, 0xd7, 0x0,

    /* U+03C4 "τ" */
    0x9f, 0xff, 0xff, 0xff, 0x75, 0x99, 0xcf, 0xa9,
    0x94, 0x0, 0x6, 0xf3, 0x0, 0x0, 0x0, 0x6f,
    0x30, 0x0, 0x0, 0x6, 0xf3, 0x0, 0x0, 0x0,
    0x6f, 0x30, 0x0, 0x0, 0x6, 0xf3, 0x0, 0x0,
    0x0, 0x5f, 0x50, 0x0, 0x0, 0x1, 0xfd, 0x63,
    0x0, 0x0, 0x4, 0xdf, 0x90,

    /* U+03C5 "υ" */
    0x8f, 0xff, 0x0, 0xc, 0xd0, 0x23, 0xcf, 0x0,
    0x3, 0xf5, 0x0, 0xbf, 0x0, 0x0, 0xdb, 0x0,
    0xbf, 0x0, 0x0, 0xbd, 0x0, 0xbf, 0x0, 0x0,
    0xce, 0x0, 0xbf, 0x0, 0x0, 0xec, 0x0, 0xbf,
    0x0, 0x3, 0xf8, 0x0, 0x9f, 0x0, 0xa, 0xf2,
    0x0, 0x5f, 0xa6, 0xaf, 0x70, 0x0, 0x7, 0xdf,
    0xd6, 0x0,

    /* U+03C6 "φ" */
    0x0, 0x5c, 0x9, 0xfd, 0x50, 0x0, 0x6f, 0xc3,
    0xfa, 0xcf, 0x40, 0xe, 0xe0, 0x5f, 0x31, 0xfc,
    0x3, 0xf9, 0x6, 0xf3, 0xa, 0xf0, 0x4f, 0x60,
    0x6f, 0x30, 0x8f, 0x24, 0xf6, 0x6, 0xf3, 0x8,
    0xf2, 0x2f, 0x90, 0x6f, 0x30, 0xbf, 0x0, 0xde,
    0x16, 0xf3, 0x2f, 0xb0, 0x5, 0xfd, 0xbf, 0xae,
    0xf3, 0x0, 0x5, 0xdf, 0xff, 0xc3, 0x0, 0x0,
    0x0, 0x6f, 0x30, 0x0, 0x0, 0x0, 0x6, 0xf3,
    0x0, 0x0, 0x0, 0x0, 0x6f, 0x30, 0x0, 0x0,
    0x0, 0x6, 0xf3, 0x0, 0x0,

    /* U+03C7 "χ" */
    0x3f, 0xd5, 0x0, 0x6, 0xf4, 0x1, 0x6c, 0xf2,
    0x0, 0xdd, 0x0, 0x0, 0x1f, 0x90, 0x5f, 0x50,
    0x0, 0x0, 0xae, 0xc, 0xd0, 0x0, 0x0, 0x4,
    0xf9, 0xf6, 0x0, 0x0, 0x0, 0xe, 0xfe, 0x0,
    0x0, 0x0, 0x0, 0x8f, 0x70, 0x0, 0x0, 0x0,
    0xa, 0xf6, 0x0, 0x0, 0x0, 0x1, 0xff, 0xc0,
    0x0, 0x0, 0x0, 0x9f, 0x9f, 0x10, 0x0, 0x0,
    0x1f, 0xa1, 0xf7, 0x0, 0x0, 0x7, 0xf2, 0xb,
    0xd0, 0x0, 0x0, 0xeb, 0x0, 0x5f, 0xb6, 0x0,
    0x6f, 0x30, 0x0, 0x7e, 0xf1,

    /* U+03C8 "ψ" */
    0xdc, 0x6, 0xf3, 0xf, 0xbd, 0xc0, 0x6f, 0x30,
    0xfb, 0xdc, 0x6, 0xf3, 0xf, 0xbd, 0xc0, 0x6f,
    0x30, 0xfb, 0xdc, 0x6, 0xf3, 0xf, 0xbd, 0xc0,
    0x6f, 0x30, 0xfa, 0xce, 0x6, 0xf3, 0x1f, 0x97,
    0xf5, 0x6f, 0x37, 0xf5, 0x1d, 0xfc, 0xfb, 0xfc,
    0x0, 0x2b, 0xff, 0xfa, 0x0, 0x0, 0x6, 0xf3,
    0x0, 0x0, 0x0, 0x6f, 0x30, 0x0, 0x0, 0x6,
    0xf3, 0x0, 0x0, 0x0, 0x6f, 0x30, 0x0,

    /* U+03C9 "ω" */
    0x7, 0xf3, 0x0, 0x6, 0xf4, 0x0, 0xdd, 0x0,
    0x0, 0xf, 0xa0, 0x1f, 0x90, 0x0, 0x0, 0xcf,
    0x4, 0xf6, 0x1, 0x50, 0x9, 0xf2, 0x5f, 0x50,
    0x5f, 0x20, 0x8f, 0x35, 0xf5, 0x5, 0xf3, 0x7,
    0xf3, 0x5f, 0x50, 0x6f, 0x30, 0x8f, 0x22, 0xf8,
    0x8, 0xf6, 0xa, 0xf0, 0xd, 0xe7, 0xfd, 0xd7,
    0xfb, 0x0, 0x3d, 0xf9, 0x1b, 0xfc, 0x10,

    /* U+2010 "‐" */
    0x12, 0x22, 0x1e, 0xff, 0xfb, 0x45, 0x55, 0x30,

    /* U+2011 "‑" */
    0x12, 0x22, 0x1e, 0xff, 0xfb, 0x45, 0x55, 0x30,

    /* U+2012 "‒" */
    0x0, 0x0, 0x0, 0x0, 0x0, 0xf, 0xff, 0xff,
    0xff, 0xff, 0xfd, 0x33, 0x33, 0x33, 0x33, 0x33,
    0x20,

    /* U+2013 "–" */
    0x0, 0x0, 0x0, 0x0, 0x0, 0xf, 0xff, 0xff,
    0xff, 0xff, 0xfd, 0x33, 0x33, 0x33, 0x33, 0x33,
    0x20,

    /* U+2014 "—" */
    0x0, 0x0, 0x0, 0x0, 0x0, 0xf, 0xff, 0xff,
    0xff, 0xff, 0xfd, 0x33, 0x33, 0x33, 0x33, 0x33,
    0x20,

    /* U+2015 "―" */
    0x0, 0x0, 0x0, 0x0, 0x0, 0xf, 0xff, 0xff,
    0xff, 0xff, 0xfd, 0x33, 0x33, 0x33, 0x33, 0x33,
    0x20,

    /* U+2016 "‖" */
    0x8f, 0x0, 0x3f, 0x58, 0xf0, 0x3, 0xf5, 0x8f,
    0x0, 0x3f, 0x58, 0xf0, 0x3, 0xf5, 0x8f, 0x0,
    0x3f, 0x58, 0xf0, 0x3, 0xf5, 0x8f, 0x0, 0x3f,
    0x58, 0xf0, 0x3, 0xf5, 0x8f, 0x0, 0x3f, 0x58,
    0xf0, 0x3, 0xf5, 0x8f, 0x0, 0x3f, 0x58, 0xf0,
    0x3, 0xf5, 0x8f, 0x0, 0x3f, 0x58, 0xf0, 0x3,
    0xf5, 0x8f, 0x0, 0x3f, 0x58, 0xf0, 0x3, 0xf5,
    0x8f, 0x0, 0x3f, 0x58, 0xf0, 0x3, 0xf5,

    /* U+2017 "‗" */
    0xbb, 0xbb, 0xbb, 0xbb, 0xbb, 0x90, 0x0, 0x0,
    0x0, 0x0, 0x0, 0xbb, 0xbb, 0xbb, 0xbb, 0xbb,
    0x90,

    /* U+2018 "‘" */
    0x7, 0xf0, 0xe, 0xc0, 0x8f, 0x70, 0xef, 0x40,
    0xff, 0x40, 0x12, 0x0,

    /* U+2019 "’" */
    0x1f, 0xf2, 0x1f, 0xf2, 0x3f, 0xc0, 0x8f, 0x40,
    0xcb, 0x0, 0x10, 0x0,

    /* U+201A "‚" */
    0x1, 0x21, 0x9, 0xfa, 0x9, 0xf9, 0xd, 0xf3,
    0x1f, 0xa0, 0x5f, 0x20,

    /* U+201B "‛" */
    0xff, 0x40, 0xef, 0x40, 0x9f, 0x70, 0x1f, 0xb0,
    0x8, 0xf0, 0x0, 0x20,

    /* U+201C "“" */
    0x0, 0xad, 0x0, 0xad, 0x3, 0xf9, 0x2, 0xf9,
    0xb, 0xf4, 0xa, 0xf5, 0x1f, 0xf1, 0x1f, 0xf2,
    0x2f, 0xf1, 0x1f, 0xf2, 0x2, 0x20, 0x2, 0x20,

    /* U+201D "”" */
    0x4, 0xff, 0x4, 0xff, 0x4, 0xfe, 0x4, 0xff,
    0x7, 0xf9, 0x6, 0xf9, 0xb, 0xf1, 0xb, 0xf1,
    0xf, 0x80, 0xe, 0x80, 0x2, 0x0, 0x2, 0x0,

    /* U+201E "„" */
    0x0, 0x22, 0x0, 0x22, 0x4, 0xff, 0x4, 0xff,
    0x4, 0xfe, 0x4, 0xff, 0x8, 0xf7, 0x7, 0xf8,
    0xc, 0xe0, 0xb, 0xf1, 0xf, 0x70, 0xf, 0x70,

    /* U+201F "‟" */
    0x2f, 0xf1, 0x1f, 0xf1, 0x2f, 0xf1, 0x1f, 0xf1,
    0xc, 0xf3, 0xb, 0xf4, 0x4, 0xf8, 0x3, 0xf8,
    0x0, 0xbc, 0x0, 0xbc, 0x0, 0x1, 0x0, 0x1,

    /* U+2020 "†" */
    0x0, 0x5, 0xf3, 0x0, 0x0, 0x0, 0x5f, 0x30,
    0x0, 0x0, 0x5, 0xf3, 0x0, 0x9, 0xff, 0xff,
    0xff, 0xf6, 0x35, 0x59, 0xf7, 0x55, 0x20, 0x0,
    0x5f, 0x30, 0x0, 0x0, 0x5, 0xf3, 0x0, 0x0,
    0x0, 0x5f, 0x30, 0x0, 0x0, 0x5, 0xf3, 0x0,
    0x0, 0x0, 0x5f, 0x30, 0x0, 0x0, 0x5, 0xf3,
    0x0, 0x0, 0x0, 0x5f, 0x30, 0x0, 0x0, 0x5,
    0xf3, 0x0, 0x0, 0x0, 0x4d, 0x20, 0x0,

    /* U+2021 "‡" */
    0x0, 0x5, 0xf3, 0x0, 0x0, 0x0, 0x5f, 0x30,
    0x0, 0x0, 0x5, 0xf3, 0x0, 0x9, 0xff, 0xff,
    0xff, 0xf6, 0x35, 0x59, 0xf7, 0x55, 0x20, 0x0,
    0x5f, 0x30, 0x0, 0x0, 0x5, 0xf3, 0x0, 0x0,
    0x0, 0x5f, 0x30, 0x0, 0x1, 0x16, 0xf4, 0x11,
    0x9, 0xff, 0xff, 0xff, 0xf6, 0x24, 0x48, 0xf6,
    0x44, 0x10, 0x0, 0x5f, 0x30, 0x0, 0x0, 0x5,
    0xf3, 0x0, 0x0, 0x0, 0x4d, 0x20, 0x0,

    /* U+2022 "•" */
    0x0, 0x1, 0x0, 0x0, 0x4e, 0xfd, 0x30, 0xf,
    0xff, 0xfc, 0x2, 0xff, 0xff, 0xf0, 0xe, 0xff,
    0xfb, 0x0, 0x3c, 0xfb, 0x10,

    /* U+2023 "‣" */
    0x28, 0x0, 0x0, 0x3, 0xfe, 0x60, 0x0, 0x3f,
    0xff, 0xd5, 0x3, 0xff, 0xff, 0xf4, 0x3f, 0xff,
    0x91, 0x3, 0xfb, 0x20, 0x0, 0x14, 0x0, 0x0,
    0x0,

    /* U+2026 "…" */
    0x3a, 0x90, 0x7a, 0x50, 0xaa, 0x14, 0xfe, 0xb,
    0xf8, 0x1f, 0xf1, 0x4f, 0xe0, 0xbf, 0x81, 0xff,
    0x10,

    /* U+2030 "‰" */
    0x1a, 0xda, 0x10, 0x0, 0x0, 0xb, 0x92, 0x9b,
    0x0, 0x0, 0x0, 0xf1, 0x1, 0xf0, 0x0, 0x0,
    0xc, 0x70, 0x6d, 0x0, 0x6, 0x70, 0x3d, 0xfd,
    0x31, 0x8e, 0x92, 0x0, 0x1, 0x3a, 0xd7, 0x10,
    0x0, 0x5, 0xcc, 0x50, 0x0, 0x0, 0x7, 0xa3,
    0x0, 0x0, 0x0, 0x0, 0x7, 0xdc, 0x40, 0x3b,
    0xd9, 0x5, 0xd3, 0x4e, 0x2e, 0x62, 0xb8, 0x98,
    0x0, 0xb8, 0xe0, 0x4, 0xc5, 0xd2, 0x3e, 0x3e,
    0x51, 0xa9, 0x8, 0xee, 0x60, 0x4d, 0xfa, 0x0,

    /* U+2031 "‱" */
    0x1a, 0xda, 0x10, 0x0, 0x0, 0xb, 0x92, 0x9b,
    0x0, 0x0, 0x0, 0xf1, 0x1, 0xf0, 0x0, 0x0,
    0xc, 0x70, 0x6d, 0x0, 0x6, 0x70, 0x3d, 0xfd,
    0x31, 0x8e, 0x92, 0x0, 0x1, 0x3a, 0xd7, 0x10,
    0x0, 0x5, 0xcc, 0x50, 0x0, 0x0, 0x7, 0xa3,
    0x0, 0x0, 0x0, 0x0, 0x2c, 0xd5, 0xad, 0x86,
    0xdb, 0x1c, 0x64, 0xfa, 0x2c, 0xd3, 0x89, 0xe0,
    0xb, 0x30, 0x68, 0x1, 0xcc, 0x53, 0xf9, 0x1b,
    0xd2, 0x7a, 0x3d, 0xe5, 0xaf, 0x97, 0xec, 0x10,

    /* U+2032 "′" */
    0x0, 0xea, 0x0, 0x7c, 0x0, 0xc, 0x10, 0x0,

    /* U+2033 "″" */
    0x4, 0xf5, 0xae, 0x10, 0xb9, 0x1f, 0x30, 0x3c,
    0x9, 0x70, 0x2, 0x10, 0x30, 0x0,

    /* U+2034 "‴" */
    0x9, 0xe2, 0xea, 0x5f, 0x51, 0xf4, 0x6d, 0xc,
    0x80, 0x87, 0xd, 0x23, 0xb0, 0x3, 0x0, 0x20,
    0x21, 0x0,

    /* U+2035 "‵" */
    0xc, 0xc0, 0x0, 0x1d, 0x50, 0x0, 0x2c, 0x0,

    /* U+2036 "‶" */
    0x3f, 0x78, 0xf1, 0x0, 0x6e, 0xb, 0x90, 0x0,
    0x96, 0x1d, 0x10, 0x0, 0x20, 0x11,

    /* U+2037 "‷" */
    0x7f, 0x3c, 0xc3, 0xf6, 0x0, 0xb9, 0x2e, 0x46,
    0xd0, 0x0, 0xd1, 0x4b, 0xa, 0x50, 0x1, 0x10,
    0x30, 0x2,

    /* U+2039 "‹" */
    0x0, 0x0, 0x0, 0x0, 0xa2, 0x0, 0xbe, 0x11,
    0xdd, 0x10, 0xdd, 0x10, 0x8, 0xf5, 0x0, 0x6,
    0xf7, 0x0, 0x5, 0xf2, 0x0, 0x3, 0x10,

    /* U+203A "›" */
    0x0, 0x0, 0x4, 0x80, 0x0, 0x2f, 0xa0, 0x0,
    0x3e, 0xb0, 0x0, 0x1e, 0xb0, 0x7, 0xf6, 0x9,
    0xf4, 0x4, 0xe3, 0x0, 0x32, 0x0, 0x0,

    /* U+20AC "€" */
    0x0, 0x1, 0x9e, 0xfe, 0xa1, 0x0, 0xd, 0xf9,
    0x68, 0xd5, 0x0, 0x9f, 0x40, 0x0, 0x0, 0x0,
    0xec, 0x0, 0x0, 0x0, 0x6f, 0xff, 0xff, 0xf9,
    0x0, 0x3, 0xf8, 0x0, 0x0, 0x0, 0x3, 0xf8,
    0x0, 0x0, 0x0, 0x6f, 0xff, 0xff, 0x70, 0x0,
    0x0, 0xfc, 0x0, 0x0, 0x0, 0x0, 0xcf, 0x0,
    0x0, 0x0, 0x0, 0x6f, 0x80, 0x0, 0x12, 0x0,
    0xb, 0xfb, 0x78, 0xe5, 0x0, 0x0, 0x7d, 0xfe,
    0xa1,

    /* U+2122 "™" */
    0x2, 0x22, 0x11, 0x10, 0x1, 0x12, 0xbf, 0xc7,
    0xde, 0x11, 0xee, 0x0, 0xc3, 0xd, 0x8b, 0x98,
    0xe0, 0xc, 0x30, 0xd2, 0xbd, 0x2e, 0x0, 0xc3,
    0xd, 0x21, 0x21, 0xe0, 0xc, 0x30, 0xc2, 0x0,
    0x1d,

    /* U+2190 "←" */
    0x0, 0x43, 0x0, 0x0, 0x0, 0x0, 0x4f, 0x50,
    0x0, 0x0, 0x0, 0x4f, 0xc8, 0x88, 0x88, 0x88,
    0x8, 0xff, 0xff, 0xff, 0xff, 0xf1, 0xa, 0xd1,
    0x0, 0x0, 0x0, 0x0, 0xa, 0x70, 0x0, 0x0,
    0x0, 0x0, 0x0, 0x0, 0x0, 0x0, 0x0,

    /* U+2191 "↑" */
    0x0, 0x2a, 0x10, 0x0, 0x2e, 0xfd, 0x10, 0x2e,
    0xbf, 0xbd, 0x11, 0x65, 0xf2, 0x60, 0x0, 0x5f,
    0x20, 0x0, 0x5, 0xf2, 0x0, 0x0, 0x5f, 0x20,
    0x0, 0x5, 0xf2, 0x0, 0x0, 0x5f, 0x20, 0x0,
    0x5, 0xf2, 0x0,

    /* U+2192 "→" */
    0x0, 0x0, 0x0, 0x6, 0x0, 0x0, 0x0, 0x0,
    0x0, 0xca, 0x0, 0x48, 0x88, 0x88, 0x89, 0xfb,
    0x9, 0xff, 0xff, 0xff, 0xff, 0xf0, 0x0, 0x0,
    0x0, 0x6, 0xf3, 0x0, 0x0, 0x0, 0x1, 0xd3,
    0x0, 0x0, 0x0, 0x0, 0x0, 0x0, 0x0,

    /* U+2193 "↓" */
    0x0, 0x3a, 0x10, 0x0, 0x5, 0xf2, 0x0, 0x0,
    0x5f, 0x20, 0x0, 0x5, 0xf2, 0x0, 0x0, 0x5f,
    0x20, 0x0, 0x5, 0xf2, 0x0, 0x1, 0x5f, 0x21,
    0x3, 0xe8, 0xf7, 0xf1, 0x7, 0xff, 0xf4, 0x0,
    0x7, 0xf4, 0x0,

    /* U+2194 "↔" */
    0x0, 0x43, 0x0, 0x6, 0x0, 0x0, 0x4f, 0x50,
    0x0, 0xca, 0x0, 0x4f, 0xc8, 0x88, 0x89, 0xfb,
    0x8, 0xff, 0xff, 0xff, 0xff, 0xf0, 0xa, 0xd1,
    0x0, 0x6, 0xf3, 0x0, 0xa, 0x70, 0x1, 0xd3,
    0x0, 0x0, 0x0, 0x0, 0x0, 0x0, 0x0,

    /* U+2195 "↕" */
    0x0, 0x2a, 0x10, 0x0, 0x2e, 0xfd, 0x10, 0x2e,
    0xbf, 0xbd, 0x11, 0x65, 0xf2, 0x60, 0x0, 0x5f,
    0x20, 0x0, 0x5, 0xf2, 0x0, 0x1, 0x5f, 0x21,
    0x3, 0xe8, 0xf7, 0xf1, 0x7, 0xff, 0xf4, 0x0,
    0x7, 0xf4, 0x0,

    /* U+2196 "↖" */
    0x1c, 0xdd, 0xc0, 0x0, 0x3, 0xff, 0x84, 0x0,
    0x0, 0x3f, 0xde, 0x30, 0x0, 0x3, 0xe1, 0xde,
    0x30, 0x0, 0x4, 0x1, 0xde, 0x30, 0x0, 0x0,
    0x1, 0xde, 0x30, 0x0, 0x0, 0x1, 0xde, 0x20,
    0x0, 0x0, 0x1, 0x80,

    /* U+2197 "↗" */
    0x0, 0x0, 0xcd, 0xdc, 0x10, 0x0, 0x4, 0x8f,
    0xf3, 0x0, 0x0, 0x3e, 0xdf, 0x30, 0x0, 0x3e,
    0xd1, 0xe3, 0x0, 0x3e, 0xd1, 0x4, 0x0, 0x3e,
    0xd1, 0x0, 0x0, 0x2e, 0xd1, 0x0, 0x0, 0x0,
    0x81, 0x0, 0x0, 0x0,

    /* U+2198 "↘" */
    0x5, 0x0, 0x0, 0x0, 0x2, 0xfb, 0x0, 0x0,
    0x0, 0x5, 0xfb, 0x0, 0x0, 0x0, 0x5, 0xfa,
    0x0, 0x10, 0x0, 0x5, 0xfa, 0xe, 0x30, 0x0,
    0x5, 0xfa, 0xe3, 0x0, 0x0, 0x17, 0xff, 0x30,
    0x0, 0xf, 0xff, 0xf1,

    /* U+2199 "↙" */
    0x0, 0x0, 0x0, 0x5, 0x0, 0x0, 0x0, 0xb,
    0xf2, 0x0, 0x0, 0xb, 0xf5, 0x0, 0x10, 0xb,
    0xf5, 0x0, 0x3e, 0xa, 0xf5, 0x0, 0x3, 0xea,
    0xf5, 0x0, 0x0, 0x3f, 0xf7, 0x10, 0x0, 0x1,
    0xff, 0xff, 0x0, 0x0,

    /* U+21B5 "↵" */
    0x0, 0x0, 0x0, 0x0, 0x16, 0x10, 0x0, 0x0,
    0x0, 0x2, 0xf4, 0x0, 0x24, 0x0, 0x0, 0x2f,
    0x40, 0x2e, 0x80, 0x0, 0x2, 0xf4, 0x2e, 0xe7,
    0x77, 0x77, 0x9f, 0x45, 0xff, 0xff, 0xff, 0xff,
    0xf4, 0x8, 0xe2, 0x0, 0x0, 0x0, 0x0, 0x8,
    0xa0, 0x0, 0x0, 0x0, 0x0, 0x0, 0x0, 0x0,
    0x0, 0x0,

    /* U+2219 "∙" */
    0x1, 0xac, 0x90, 0x0, 0xdf, 0xff, 0xa0, 0x2f,
    0xff, 0xff, 0x1, 0xff, 0xff, 0xd0, 0x7, 0xff,
    0xf4, 0x0, 0x2, 0x41, 0x0,

    /* U+221A "√" */
    0x0, 0x0, 0x0, 0x0, 0xe, 0x60, 0x0, 0x0,
    0x0, 0x5, 0xe1, 0x0, 0x0, 0x0, 0x0, 0xa9,
    0x0, 0x0, 0x0, 0x0, 0xf, 0x40, 0x0, 0x0,
    0x0, 0x4, 0xe0, 0x0, 0x0, 0x0, 0x0, 0xaa,
    0x0, 0x0, 0x41, 0x0, 0xe, 0x50, 0x4, 0xef,
    0x50, 0x4, 0xf0, 0x0, 0x14, 0x9a, 0x0, 0x9b,
    0x0, 0x0, 0x4, 0xf0, 0xe, 0x60, 0x0, 0x0,
    0xf, 0x43, 0xf1, 0x0, 0x0, 0x0, 0xb8, 0x8b,
    0x0, 0x0, 0x0, 0x6, 0xdd, 0x60, 0x0, 0x0,
    0x0, 0x1f, 0xf1, 0x0, 0x0, 0x0, 0x0, 0xcc,
    0x0, 0x0, 0x0, 0x0, 0x2, 0x20, 0x0, 0x0,

    /* U+221B "∛" */
    0x2, 0xac, 0xb6, 0x0, 0x0, 0x0, 0x25, 0x24,
    0xf6, 0x0, 0x0, 0x0, 0x0, 0xe, 0x70, 0x1f,
    0x60, 0x1, 0xdf, 0xa0, 0x5, 0xd0, 0x0, 0x2,
    0x5e, 0x50, 0xb8, 0x0, 0x0, 0x0, 0xab, 0xf,
    0x30, 0x4, 0x42, 0x5f, 0x75, 0xe0, 0x0, 0x4b,
    0xcb, 0x60, 0xa9, 0x0, 0x0, 0x30, 0x0, 0xe,
    0x40, 0x4, 0xdf, 0x50, 0x4, 0xf0, 0x0, 0x15,
    0xaa, 0x0, 0x9a, 0x0, 0x0, 0x5, 0xe0, 0xe,
    0x50, 0x0, 0x0, 0xf, 0x33, 0xf1, 0x0, 0x0,
    0x0, 0xb8, 0x8b, 0x0, 0x0, 0x0, 0x6, 0xdd,
    0x60, 0x0, 0x0, 0x0, 0x1f, 0xf1, 0x0, 0x0,
    0x0, 0x0, 0xdc, 0x0, 0x0, 0x0, 0x0, 0x3,
    0x20, 0x0, 0x0,

    /* U+221C "∜" */
    0x0, 0x2, 0xa4, 0x0, 0x0, 0x0, 0x0, 0xce,
    0x60, 0x0, 0x0, 0x0, 0x87, 0xd6, 0x0, 0x3f,
    0x20, 0x3c, 0xd, 0x60, 0x9, 0xb0, 0xd, 0x20,
    0xd6, 0x0, 0xe5, 0x3, 0xfe, 0xef, 0xf5, 0x3f,
    0x10, 0x0, 0x0, 0xd6, 0x8, 0xb0, 0x0, 0x0,
    0x9, 0x40, 0xd6, 0x0, 0x0, 0x40, 0x0, 0x2f,
    0x10, 0x6, 0xff, 0x20, 0x7, 0xc0, 0x0, 0x34,
    0xd6, 0x0, 0xc7, 0x0, 0x0, 0x8, 0xb0, 0x1f,
    0x20, 0x0, 0x0, 0x3f, 0x6, 0xd0, 0x0, 0x0,
    0x0, 0xe5, 0xb8, 0x0, 0x0, 0x0, 0xa, 0xbf,
    0x30, 0x0, 0x0, 0x0, 0x5f, 0xe0, 0x0, 0x0,
    0x0, 0x1, 0xf9, 0x0, 0x0, 0x0, 0x0, 0x4,
    0x10, 0x0, 0x0,

    /* U+221D "∝" */
    0x2, 0xbc, 0x60, 0x1a, 0x20, 0xda, 0x7f, 0x4d,
    0xb1, 0x3e, 0x0, 0x7f, 0xd0, 0x4, 0xc0, 0x1,
    0xf8, 0x0, 0x3e, 0x0, 0x7f, 0xd0, 0x0, 0xda,
    0x8f, 0x4d, 0xa1, 0x1, 0xac, 0x50, 0x1b, 0x20,

    /* U+221E "∞" */
    0x6, 0xcb, 0x20, 0x5c, 0xa1, 0x4, 0xf7, 0xbd,
    0x4f, 0x7a, 0xc0, 0xa8, 0x0, 0xdf, 0x70, 0xe,
    0x3b, 0x50, 0x8, 0xf1, 0x0, 0xc5, 0xa7, 0x0,
    0xdf, 0x70, 0xe, 0x34, 0xe7, 0xbd, 0x4f, 0x7a,
    0xd0, 0x5, 0xcb, 0x10, 0x5c, 0xb2, 0x0,

    /* U+2248 "≈" */
    0x0, 0x46, 0x40, 0x0, 0x1, 0x1, 0xef, 0xff,
    0xe9, 0x69, 0xf1, 0x38, 0x10, 0x38, 0xef, 0xe7,
    0x0, 0x0, 0x31, 0x0, 0x0, 0x0, 0xa, 0xff,
    0xfb, 0x52, 0x5c, 0x13, 0xc5, 0x46, 0xcf, 0xff,
    0xa0, 0x0, 0x0, 0x0, 0x24, 0x10, 0x0,

    /* U+2260 "≠" */
    0x0, 0x0, 0x0, 0x0, 0xa3, 0x0, 0x0, 0x0,
    0x0, 0x7f, 0x40, 0x2, 0x22, 0x22, 0x5f, 0xa2,
    0x3, 0xff, 0xff, 0xff, 0xff, 0xf1, 0x15, 0x55,
    0x5f, 0xe5, 0x55, 0x0, 0x0, 0x9, 0xf3, 0x0,
    0x0, 0x19, 0x9a, 0xfd, 0x99, 0x99, 0x3, 0xff,
    0xff, 0xff, 0xff, 0xf0, 0x0, 0xdd, 0x10, 0x0,
    0x0, 0x0, 0x9f, 0x30, 0x0, 0x0, 0x0, 0x2,
    0x50, 0x0, 0x0, 0x0, 0x0,

    /* U+2261 "≡" */
    0x18, 0x88, 0x88, 0x88, 0x88, 0x3, 0xff, 0xff,
    0xff, 0xff, 0xf0, 0x0, 0x0, 0x0, 0x0, 0x0,
    0x1, 0x77, 0x77, 0x77, 0x77, 0x70, 0x3f, 0xff,
    0xff, 0xff, 0xff, 0x10, 0x0, 0x0, 0x0, 0x0,
    0x0, 0x0, 0x0, 0x0, 0x0, 0x0, 0x3, 0xff,
    0xff, 0xff, 0xff, 0xf1, 0x17, 0x77, 0x77, 0x77,
    0x77, 0x0,

    /* U+2262 "≢" */
    0x0, 0x0, 0x0, 0x0, 0x0, 0x0, 0x0, 0x0,
    0x1, 0xe4, 0x0, 0x18, 0x88, 0x88, 0xbf, 0x98,
    0x3, 0xff, 0xff, 0xff, 0xff, 0xf0, 0x0, 0x0,
    0x7, 0xf1, 0x0, 0x1, 0x77, 0x77, 0xed, 0x77,
    0x70, 0x3f, 0xff, 0xff, 0xff, 0xff, 0x10, 0x0,
    0xd, 0xa0, 0x0, 0x0, 0x0, 0x4, 0xf4, 0x0,
    0x0, 0x3, 0xff, 0xff, 0xff, 0xff, 0xf1, 0x17,
    0x9f, 0x97, 0x77, 0x77, 0x0, 0x5, 0xd0, 0x0,
    0x0, 0x0, 0x0, 0x0, 0x0, 0x0, 0x0, 0x0,

    /* U+2263 "≣" */
    0x0, 0x0, 0x0, 0x0, 0x0, 0x3, 0xff, 0xff,
    0xff, 0xff, 0xf1, 0x17, 0x77, 0x77, 0x77, 0x77,
    0x0, 0x0, 0x0, 0x0, 0x0, 0x0, 0x3f, 0xff,
    0xff, 0xff, 0xff, 0x1, 0x88, 0x88, 0x88, 0x88,
    0x80, 0x0, 0x0, 0x0, 0x0, 0x0, 0x1, 0x99,
    0x99, 0x99, 0x99, 0x90, 0x3f, 0xff, 0xff, 0xff,
    0xff, 0x0, 0x0, 0x0, 0x0, 0x0, 0x0, 0x18,
    0x88, 0x88, 0x88, 0x88, 0x3, 0xff, 0xff, 0xff,
    0xff, 0xf1,

    /* U+2264 "≤" */
    0x0, 0x0, 0x0, 0x0, 0x15, 0x0, 0x0, 0x0,
    0x16, 0xbf, 0xf1, 0x0, 0x27, 0xcf, 0xfc, 0x83,
    0x2, 0xdf, 0xfa, 0x61, 0x0, 0x0, 0x3f, 0xfc,
    0x72, 0x0, 0x0, 0x0, 0x15, 0xbf, 0xfe, 0x94,
    0x0, 0x0, 0x0, 0x5, 0xae, 0xff, 0x0, 0x0,
    0x0, 0x0, 0x4, 0x90, 0x18, 0x88, 0x88, 0x88,
    0x88, 0x3, 0xff, 0xff, 0xff, 0xff, 0xf1,

    /* U+2265 "≥" */
    0x15, 0x0, 0x0, 0x0, 0x0, 0x3, 0xff, 0xb6,
    0x10, 0x0, 0x0, 0x4, 0x8d, 0xff, 0xc7, 0x20,
    0x0, 0x0, 0x2, 0x6b, 0xff, 0xd0, 0x0, 0x0,
    0x3, 0x8d, 0xff, 0x0, 0x15, 0xae, 0xfe, 0xa5,
    0x0, 0x3f, 0xfe, 0x94, 0x0, 0x0, 0x2, 0x83,
    0x0, 0x0, 0x0, 0x0, 0x18, 0x88, 0x88, 0x88,
    0x88, 0x3, 0xff, 0xff, 0xff, 0xff, 0xf1,

    /* U+2302 "⌂" */
    0x0, 0x2, 0x40, 0x0, 0x0, 0x0, 0xdf, 0x20,
    0x0, 0x0, 0xac, 0x8d, 0x0, 0x0, 0x7e, 0x10,
    0xbb, 0x0, 0x4f, 0x30, 0x1, 0xe8, 0xe, 0x60,
    0x0, 0x3, 0xf1, 0xe2, 0x0, 0x0, 0xe, 0x2e,
    0x20, 0x0, 0x0, 0xe2, 0xe2, 0x0, 0x0, 0xe,
    0x2e, 0x31, 0x11, 0x11, 0xe2, 0xef, 0xff, 0xff,
    0xff, 0x20,

    /* U+2571 "╱" */
    0x0, 0x0, 0x0, 0x0, 0x0, 0x1b, 0x40, 0x0,
    0x0, 0x0, 0x0, 0x8, 0xf1, 0x0, 0x0, 0x0,
    0x0, 0x1, 0xf7, 0x0, 0x0, 0x0, 0x0, 0x0,
    0x9e, 0x0, 0x0, 0x0, 0x0, 0x0, 0x2f, 0x70,
    0x0, 0x0, 0x0, 0x0, 0x9, 0xe0, 0x0, 0x0,
    0x0, 0x0, 0x2, 0xf6, 0x0, 0x0, 0x0, 0x0,
    0x0, 0xae, 0x0, 0x0, 0x0, 0x0, 0x0, 0x2f,
    0x60, 0x0, 0x0, 0x0, 0x0, 0xa, 0xd0, 0x0,
    0x0, 0x0, 0x0, 0x3, 0xf5, 0x0, 0x0, 0x0,
    0x0, 0x0, 0xbd, 0x0, 0x0, 0x0, 0x0, 0x0,
    0x3f, 0x50, 0x0, 0x0, 0x0, 0x0, 0xb, 0xc0,
    0x0, 0x0, 0x0, 0x0, 0x4, 0xf4, 0x0, 0x0,
    0x0, 0x0, 0x0, 0xcc, 0x0, 0x0, 0x0, 0x0,
    0x0, 0x4f, 0x40, 0x0, 0x0, 0x0, 0x0, 0xc,
    0xc0, 0x0, 0x0, 0x0, 0x0, 0x5, 0xf3, 0x0,
    0x0, 0x0, 0x0, 0x0, 0xdb, 0x0, 0x0, 0x0,
    0x0, 0x0, 0x5f, 0x30, 0x0, 0x0, 0x0, 0x0,
    0x3, 0x40, 0x0, 0x0, 0x0, 0x0, 0x0,

    /* U+2572 "╲" */
    0x6a, 0x0, 0x0, 0x0, 0x0, 0x0, 0x2, 0xf6,
    0x0, 0x0, 0x0, 0x0, 0x0, 0xa, 0xe0, 0x0,
    0x0, 0x0, 0x0, 0x0, 0x2f, 0x60, 0x0, 0x0,
    0x0, 0x0, 0x0, 0x9e, 0x0, 0x0, 0x0, 0x0,
    0x0, 0x2, 0xf7, 0x0, 0x0, 0x0, 0x0, 0x0,
    0x9, 0xe0, 0x0, 0x0, 0x0, 0x0, 0x0, 0x1f,
    0x70, 0x0, 0x0, 0x0, 0x0, 0x0, 0x8f, 0x10,
    0x0, 0x0, 0x0, 0x0, 0x1, 0xf8, 0x0, 0x0,
    0x0, 0x0, 0x0, 0x8, 0xf1, 0x0, 0x0, 0x0,
    0x0, 0x0, 0x1f, 0x80, 0x0, 0x0, 0x0, 0x0,
    0x0, 0x7f, 0x10, 0x0, 0x0, 0x0, 0x0, 0x0,
    0xe9, 0x0, 0x0, 0x0, 0x0, 0x0, 0x7, 0xf1,
    0x0, 0x0, 0x0, 0x0, 0x0, 0xe, 0x90, 0x0,
    0x0, 0x0, 0x0, 0x0, 0x6f, 0x20, 0x0, 0x0,
    0x0, 0x0, 0x0, 0xea, 0x0, 0x0, 0x0, 0x0,
    0x0, 0x6, 0xf2, 0x0, 0x0, 0x0, 0x0, 0x0,
    0xd, 0xa0, 0x0, 0x0, 0x0, 0x0, 0x0, 0x5f,
    0x30, 0x0, 0x0, 0x0, 0x0, 0x0, 0x52,

    /* U+2573 "╳" */
    0x8d, 0x0, 0x0, 0x0, 0x0, 0x2e, 0x51, 0xf8,
    0x0, 0x0, 0x0, 0xa, 0xd0, 0x8, 0xf1, 0x0,
    0x0, 0x3, 0xf6, 0x0, 0x1f, 0x80, 0x0, 0x0,
    0xbd, 0x0, 0x0, 0x8f, 0x10, 0x0, 0x3f, 0x50,
    0x0, 0x0, 0xe9, 0x0, 0xb, 0xd0, 0x0, 0x0,
    0x7, 0xf1, 0x3, 0xf5, 0x0, 0x0, 0x0, 0xe,
    0x90, 0xcc, 0x0, 0x0, 0x0, 0x0, 0x7f, 0x6f,
    0x40, 0x0, 0x0, 0x0, 0x0, 0xef, 0xc0, 0x0,
    0x0, 0x0, 0x0, 0x7, 0xf5, 0x0, 0x0, 0x0,
    0x0, 0x0, 0xdf, 0xa0, 0x0, 0x0, 0x0, 0x0,
    0x5f, 0x9f, 0x30, 0x0, 0x0, 0x0, 0xd, 0xb0,
    0xdb, 0x0, 0x0, 0x0, 0x6, 0xf3, 0x5, 0xf3,
    0x0, 0x0, 0x0, 0xda, 0x0, 0xd, 0xb0, 0x0,
    0x0, 0x6f, 0x20, 0x0, 0x5f, 0x30, 0x0, 0xe,
    0xa0, 0x0, 0x0, 0xcc, 0x0, 0x7, 0xf2, 0x0,
    0x0, 0x4, 0xf4, 0x0, 0xe9, 0x0, 0x0, 0x0,
    0xc, 0xc0, 0x7f, 0x10, 0x0, 0x0, 0x0, 0x4f,
    0x41, 0x10, 0x0, 0x0, 0x0, 0x0, 0x11,

    /* U+25A0 "■" */
    0x0, 0x0, 0x0, 0x0, 0x0, 0xf, 0xff, 0xff,
    0xff, 0xff, 0xfc, 0xff, 0xff, 0xff, 0xff, 0xff,
    0xcf, 0xff, 0xff, 0xff, 0xff, 0xfc, 0xff, 0xff,
    0xff, 0xff, 0xff, 0xcf, 0xff, 0xff, 0xff, 0xff,
    0xfc, 0xff, 0xff, 0xff, 0xff, 0xff, 0xcf, 0xff,
    0xff, 0xff, 0xff, 0xfc, 0xff, 0xff, 0xff, 0xff,
    0xff, 0xcf, 0xff, 0xff, 0xff, 0xff, 0xfc, 0xff,
    0xff, 0xff, 0xff, 0xff, 0xca, 0xbb, 0xbb, 0xbb,
    0xbb, 0xb8,

    /* U+25A1 "□" */
    0x0, 0x0, 0x0, 0x0, 0x0, 0xf, 0xff, 0xff,
    0xff, 0xff, 0xfe, 0xf1, 0x0, 0x0, 0x0, 0x1,
    0xef, 0x10, 0x0, 0x0, 0x0, 0x1e, 0xf1, 0x0,
    0x0, 0x0, 0x1, 0xef, 0x10, 0x0, 0x0, 0x0,
    0x1e, 0xf1, 0x0, 0x0, 0x0, 0x1, 0xef, 0x10,
    0x0, 0x0, 0x0, 0x1e, 0xf1, 0x0, 0x0, 0x0,
    0x1, 0xef, 0x10, 0x0, 0x0, 0x0, 0x1e, 0xf2,
    0x11, 0x11, 0x11, 0x12, 0xed, 0xee, 0xee, 0xee,
    0xee, 0xed,

    /* U+25A2 "▢" */
    0x0, 0x0, 0x0, 0x0, 0x0, 0x1, 0xaf, 0xff,
    0xff, 0xff, 0xa1, 0xaa, 0x10, 0x0, 0x0, 0x1a,
    0x9e, 0x20, 0x0, 0x0, 0x0, 0x2d, 0xf1, 0x0,
    0x0, 0x0, 0x1, 0xef, 0x10, 0x0, 0x0, 0x0,
    0x1e, 0xf1, 0x0, 0x0, 0x0, 0x1, 0xef, 0x10,
    0x0, 0x0, 0x0, 0x1e, 0xf1, 0x0, 0x0, 0x0,
    0x1, 0xed, 0x20, 0x0, 0x0, 0x0, 0x2d, 0x8b,
    0x31, 0x11, 0x11, 0x3b, 0x80, 0x8d, 0xee, 0xee,
    0xed, 0x80,

    /* U+25A3 "▣" */
    0xde, 0xee, 0xee, 0xee, 0xee, 0xdf, 0x22, 0x22,
    0x22, 0x22, 0x2e, 0xf1, 0xff, 0xff, 0xff, 0xf1,
    0xef, 0x1f, 0xff, 0xff, 0xff, 0x1e, 0xf1, 0xff,
    0xff, 0xff, 0xf1, 0xef, 0x1f, 0xff, 0xff, 0xff,
    0x1e, 0xf1, 0xff, 0xff, 0xff, 0xf1, 0xef, 0x1f,
    0xff, 0xff, 0xff, 0x1e, 0xf1, 0xff, 0xff, 0xff,
    0xf1, 0xef, 0x21, 0x11, 0x11, 0x11, 0x2e, 0xde,
    0xee, 0xee, 0xee, 0xee, 0xd0,

    /* U+25A4 "▤" */
    0xef, 0xff, 0xff, 0xff, 0xff, 0xef, 0x21, 0x11,
    0x11, 0x11, 0x2e, 0xff, 0xff, 0xff, 0xff, 0xff,
    0xef, 0x10, 0x0, 0x0, 0x0, 0x1e, 0xff, 0xff,
    0xff, 0xff, 0xff, 0xef, 0x10, 0x0, 0x0, 0x0,
    0x1e, 0xff, 0xff, 0xff, 0xff, 0xff, 0xef, 0x11,
    0x11, 0x11, 0x11, 0x2e, 0xff, 0xff, 0xff, 0xff,
    0xff, 0xef, 0x21, 0x11, 0x11, 0x11, 0x2e, 0xde,
    0xee, 0xee, 0xee, 0xee, 0xd0,

    /* U+25A5 "▥" */
    0x0, 0x0, 0x0, 0x0, 0x0, 0xf, 0xff, 0xff,
    0xff, 0xff, 0xfe, 0xf1, 0xf1, 0xf1, 0xf1, 0xe1,
    0xef, 0x1f, 0x1f, 0x1f, 0x1e, 0x1e, 0xf1, 0xf1,
    0xf1, 0xf1, 0xe1, 0xef, 0x1f, 0x1f, 0x1f, 0x1e,
    0x1e, 0xf1, 0xf1, 0xf1, 0xf1, 0xe1, 0xef, 0x1f,
    0x1f, 0x1f, 0x1e, 0x1e, 0xf1, 0xf1, 0xf1, 0xf1,
    0xe1, 0xef, 0x1f, 0x1f, 0x1f, 0x1e, 0x1e, 0xf2,
    0xf2, 0xf2, 0xf2, 0xe3, 0xed, 0xee, 0xee, 0xee,
    0xee, 0xec,

    /* U+25A6 "▦" */
    0xef, 0xff, 0xff, 0xff, 0xff, 0xdf, 0x2f, 0x2f,
    0x2f, 0x2e, 0x2e, 0xff, 0xff, 0xff, 0xff, 0xff,
    0xef, 0x1f, 0x1f, 0x2f, 0x1e, 0x2e, 0xff, 0xff,
    0xff, 0xff, 0xff, 0xef, 0x1f, 0x1f, 0x2f, 0x1e,
    0x2e, 0xff, 0xff, 0xff, 0xff, 0xff, 0xef, 0x2f,
    0x1f, 0x2f, 0x2e, 0x2e, 0xff, 0xff, 0xff, 0xff,
    0xff, 0xef, 0x2f, 0x2f, 0x2f, 0x2e, 0x3e, 0xde,
    0xee, 0xee, 0xee, 0xee, 0xc0,

    /* U+25A7 "▧" */
    0x0, 0x0, 0x0, 0x0, 0x0, 0xf, 0xff, 0xff,
    0xff, 0xff, 0xfe, 0xf2, 0xbb, 0x1d, 0x84, 0xe4,
    0xef, 0xd1, 0xba, 0x1d, 0x74, 0xfe, 0xf9, 0xd1,
    0xba, 0x1d, 0x75, 0xef, 0x38, 0xd1, 0xba, 0x2d,
    0x8e, 0xfe, 0x38, 0xd1, 0xba, 0x2d, 0xef, 0x6e,
    0x29, 0xc1, 0xba, 0x2e, 0xf6, 0x5e, 0x29, 0xc1,
    0xbb, 0xef, 0xe6, 0x5e, 0x29, 0xc1, 0xce, 0xf4,
    0xe6, 0x7e, 0x3a, 0xc3, 0xed, 0xee, 0xee, 0xee,
    0xee, 0xed,

    /* U+25A8 "▨" */
    0x0, 0x0, 0x0, 0x0, 0x0, 0xf, 0xff, 0xff,
    0xff, 0xff, 0xfe, 0xf4, 0xe4, 0x8d, 0x1b, 0xa2,
    0xef, 0xf4, 0x8d, 0x1b, 0xb1, 0xde, 0xf4, 0x8d,
    0x1b, 0xb1, 0xd9, 0xef, 0x8d, 0x1a, 0xb1, 0xd8,
    0x3e, 0xfd, 0x1a, 0xb1, 0xd8, 0x3e, 0xef, 0x2a,
    0xb1, 0xd8, 0x3e, 0x6e, 0xfb, 0xb1, 0xd8, 0x3e,
    0x57, 0xef, 0xb1, 0xc8, 0x2e, 0x56, 0xee, 0xf3,
    0xca, 0x3e, 0x77, 0xe4, 0xed, 0xee, 0xee, 0xee,
    0xee, 0xed,

    /* U+25A9 "▩" */
    0x0, 0x0, 0x0, 0x0, 0x0, 0xf, 0xff, 0xff,
    0xff, 0xff, 0xfe, 0xf6, 0xfc, 0x9f, 0x9c, 0xf6,
    0xef, 0xf6, 0xdf, 0x3f, 0xd6, 0xfe, 0xfa, 0xed,
    0xbe, 0xbd, 0xea, 0xef, 0x9f, 0xdb, 0xeb, 0xdf,
    0x9e, 0xff, 0x5d, 0xf3, 0xfd, 0x5f, 0xef, 0x7f,
    0xc9, 0xf9, 0xcf, 0x7e, 0xfc, 0xde, 0xdc, 0xde,
    0xdc, 0xef, 0xf7, 0xdf, 0x5f, 0xd8, 0xfe, 0xf5,
    0xfc, 0x8f, 0x8c, 0xf5, 0xed, 0xee, 0xee, 0xee,
    0xee, 0xed,

    /* U+25AA "▪" */
    0x0, 0x0, 0x0, 0x0, 0x1f, 0xff, 0xff, 0xfe,
    0x1f, 0xff, 0xff, 0xfe, 0x1f, 0xff, 0xff, 0xfe,
    0x1f, 0xff, 0xff, 0xfe, 0x1f, 0xff, 0xff, 0xfe,
    0x1f, 0xff, 0xff, 0xfe, 0x1f, 0xff, 0xff, 0xfd,

    /* U+25AB "▫" */
    0x1, 0x11, 0x11, 0x10, 0x1f, 0xff, 0xff, 0xfe,
    0x1e, 0x0, 0x0, 0x1e, 0x1e, 0x0, 0x0, 0x1e,
    0x1e, 0x0, 0x0, 0x1e, 0x1e, 0x0, 0x0, 0x1e,
    0x1e, 0x0, 0x0, 0x1e, 0x1f, 0xff, 0xff, 0xfe,

    /* U+25AC "▬" */
    0x23, 0x33, 0x33, 0x33, 0x33, 0x2f, 0xff, 0xff,
    0xff, 0xff, 0xfc, 0xff, 0xff, 0xff, 0xff, 0xff,
    0xcf, 0xff, 0xff, 0xff, 0xff, 0xfc, 0xff, 0xff,
    0xff, 0xff, 0xff, 0xce, 0xff, 0xff, 0xff, 0xff,
    0xfb,

    /* U+25AD "▭" */
    0x1, 0x11, 0x11, 0x11, 0x11, 0xf, 0xff, 0xff,
    0xff, 0xff, 0xfe, 0xf1, 0x0, 0x0, 0x0, 0x1,
    0xef, 0x10, 0x0, 0x0, 0x0, 0x1e, 0xf1, 0x0,
    0x0, 0x0, 0x1, 0xee, 0xff, 0xff, 0xff, 0xff,
    0xfe,

    /* U+25AE "▮" */
    0x0, 0x0, 0x0, 0x2f, 0xff, 0xff, 0x2f, 0xff,
    0xff, 0x2f, 0xff, 0xff, 0x2f, 0xff, 0xff, 0x2f,
    0xff, 0xff, 0x2f, 0xff, 0xff, 0x2f, 0xff, 0xff,
    0x2f, 0xff, 0xff, 0x2f, 0xff, 0xff, 0x2f, 0xff,
    0xff, 0x1b, 0xbb, 0xba,

    /* U+25AF "▯" */
    0x0, 0x0, 0x0, 0x1, 0xff, 0xff, 0xf1, 0x1e,
    0x0, 0xf, 0x11, 0xe0, 0x0, 0xf1, 0x1e, 0x0,
    0xf, 0x11, 0xe0, 0x0, 0xf1, 0x1e, 0x0, 0xf,
    0x11, 0xe0, 0x0, 0xf1, 0x1e, 0x0, 0xf, 0x11,
    0xe0, 0x0, 0xf1, 0x1e, 0x11, 0x1f, 0x11, 0xee,
    0xee, 0xe0,

    /* U+25B0 "▰" */
    0x0, 0x3, 0x33, 0x33, 0x33, 0x20, 0x9, 0xff,
    0xff, 0xff, 0xf6, 0x2, 0xff, 0xff, 0xff, 0xfd,
    0x0, 0xaf, 0xff, 0xff, 0xff, 0x50, 0x3f, 0xff,
    0xff, 0xff, 0xd0, 0xa, 0xff, 0xff, 0xff, 0xf5,
    0x0,

    /* U+25B1 "▱" */
    0x0, 0x1, 0x11, 0x11, 0x11, 0x0, 0x8, 0xff,
    0xff, 0xff, 0xf7, 0x1, 0xd0, 0x0, 0x0, 0x1d,
    0x0, 0xa6, 0x0, 0x0, 0x9, 0x60, 0x2d, 0x0,
    0x0, 0x2, 0xd0, 0xa, 0xff, 0xff, 0xff, 0xf5,
    0x0,

    /* U+25B2 "▲" */
    0x0, 0x0, 0x0, 0x0, 0x0, 0x0, 0x0, 0x0,
    0x80, 0x0, 0x0, 0x0, 0x0, 0x5f, 0x30, 0x0,
    0x0, 0x0, 0xd, 0xfa, 0x0, 0x0, 0x0, 0x5,
    0xff, 0xf3, 0x0, 0x0, 0x0, 0xdf, 0xff, 0xa0,
    0x0, 0x0, 0x5f, 0xff, 0xff, 0x30, 0x0, 0xd,
    0xff, 0xff, 0xfa, 0x0, 0x5, 0xff, 0xff, 0xff,
    0xf3, 0x0, 0xdf, 0xff, 0xff, 0xff, 0xa0, 0x5f,
    0xff, 0xff, 0xff, 0xff, 0x38, 0xbb, 0xbb, 0xbb,
    0xbb, 0xb6,

    /* U+25B3 "△" */
    0x0, 0x0, 0x5, 0x0, 0x0, 0x0, 0x0, 0x3,
    0xf1, 0x0, 0x0, 0x0, 0x0, 0xba, 0x90, 0x0,
    0x0, 0x0, 0x3c, 0xd, 0x10, 0x0, 0x0, 0xb,
    0x40, 0x69, 0x0, 0x0, 0x3, 0xc0, 0x0, 0xd1,
    0x0, 0x0, 0xb4, 0x0, 0x6, 0x90, 0x0, 0x3c,
    0x0, 0x0, 0xd, 0x10, 0xb, 0x40, 0x0, 0x0,
    0x69, 0x3, 0xc1, 0x11, 0x11, 0x12, 0xe1, 0xae,
    0xee, 0xee, 0xee, 0xee, 0x80,

    /* U+25B4 "▴" */
    0x0, 0x0, 0x0, 0x0, 0x0, 0x0, 0xa0, 0x0,
    0x0, 0x6, 0xf4, 0x0, 0x0, 0xe, 0xfc, 0x0,
    0x0, 0x6f, 0xff, 0x30, 0x0, 0xef, 0xff, 0xb0,
    0x6, 0xff, 0xff, 0xf3, 0xb, 0xdd, 0xdd, 0xd9,

    /* U+25B5 "▵" */
    0x0, 0x0, 0x0, 0x0, 0x0, 0x0, 0x80, 0x0,
    0x0, 0x5, 0xf3, 0x0, 0x0, 0xd, 0x7a, 0x0,
    0x0, 0x5a, 0xd, 0x20, 0x0, 0xd2, 0x5, 0xa0,
    0x5, 0xa0, 0x0, 0xd2, 0xc, 0xff, 0xff, 0xfa,

    /* U+25B6 "▶" */
    0x0, 0x0, 0x0, 0x0, 0x0, 0xc, 0x40, 0x0,
    0x0, 0x0, 0x0, 0xff, 0xc4, 0x0, 0x0, 0x0,
    0xf, 0xff, 0xfc, 0x40, 0x0, 0x0, 0xff, 0xff,
    0xff, 0xc4, 0x0, 0xf, 0xff, 0xff, 0xff, 0xfc,
    0x40, 0xff, 0xff, 0xff, 0xff, 0xfe, 0x4f, 0xff,
    0xff, 0xff, 0xe7, 0x0, 0xff, 0xff, 0xfe, 0x70,
    0x0, 0xf, 0xff, 0xe7, 0x0, 0x0, 0x0, 0xfe,
    0x70, 0x0, 0x0, 0x0, 0x6, 0x0, 0x0, 0x0,
    0x0, 0x0,

    /* U+25B7 "▷" */
    0x0, 0x0, 0x0, 0x0, 0x0, 0xc, 0x40, 0x0,
    0x0, 0x0, 0x0, 0xfb, 0xc4, 0x0, 0x0, 0x0,
    0xf, 0x12, 0xac, 0x40, 0x0, 0x0, 0xf1, 0x0,
    0x2a, 0xc4, 0x0, 0xf, 0x10, 0x0, 0x3, 0xbc,
    0x40, 0xf1, 0x0, 0x0, 0x1, 0xbe, 0x4f, 0x10,
    0x0, 0x18, 0xd7, 0x0, 0xf1, 0x1, 0x8d, 0x70,
    0x0, 0xf, 0x28, 0xd7, 0x0, 0x0, 0x0, 0xfe,
    0x70, 0x0, 0x0, 0x0, 0x6, 0x0, 0x0, 0x0,
    0x0, 0x0,

    /* U+25B8 "▸" */
    0x0, 0x0, 0x0, 0x0, 0x1d, 0x60, 0x0, 0x0,
    0x1f, 0xfd, 0x60, 0x0, 0x1f, 0xff, 0xfd, 0x60,
    0x1f, 0xff, 0xff, 0xf6, 0x1f, 0xff, 0xf8, 0x10,
    0x1f, 0xf8, 0x10, 0x0, 0x8, 0x10, 0x0, 0x0,

    /* U+25B9 "▹" */
    0x0, 0x0, 0x0, 0x0, 0x1d, 0x60, 0x0, 0x0,
    0x1f, 0xad, 0x60, 0x0, 0x1e, 0x2, 0xad, 0x60,
    0x1e, 0x0, 0x9, 0xf6, 0x1e, 0x7, 0xd8, 0x10,
    0x1f, 0xd8, 0x10, 0x0, 0x8, 0x10, 0x0, 0x0,

    /* U+25BA "►" */
    0x0, 0x0, 0x0, 0x0, 0x0, 0xe, 0xb5, 0x10,
    0x0, 0x0, 0x0, 0xff, 0xff, 0xb6, 0x10, 0x0,
    0xf, 0xff, 0xff, 0xff, 0xb6, 0x10, 0xff, 0xff,
    0xff, 0xff, 0xfb, 0x3f, 0xff, 0xff, 0xfb, 0x61,
    0x0, 0xff, 0xfb, 0x51, 0x0, 0x0, 0xa, 0x50,
    0x0, 0x0, 0x0, 0x0,

    /* U+25BB "▻" */
    0x0, 0x0, 0x0, 0x0, 0x0, 0xe, 0xb5, 0x10,
    0x0, 0x0, 0x0, 0xf8, 0xbf, 0xb6, 0x10, 0x0,
    0xf, 0x10, 0x4, 0x9d, 0xb6, 0x10, 0xf1, 0x0,
    0x0, 0x29, 0xfb, 0x3f, 0x11, 0x5a, 0xeb, 0x61,
    0x0, 0xfd, 0xfb, 0x51, 0x0, 0x0, 0xa, 0x50,
    0x0, 0x0, 0x0, 0x0,

    /* U+25BC "▼" */
    0x0, 0x0, 0x0, 0x0, 0x0, 0xb, 0xff, 0xff,
    0xff, 0xff, 0xf8, 0x3f, 0xff, 0xff, 0xff, 0xff,
    0x10, 0xbf, 0xff, 0xff, 0xff, 0x80, 0x3, 0xff,
    0xff, 0xff, 0xf1, 0x0, 0xa, 0xff, 0xff, 0xf8,
    0x0, 0x0, 0x3f, 0xff, 0xff, 0x10, 0x0, 0x0,
    0xaf, 0xff, 0x80, 0x0, 0x0, 0x2, 0xff, 0xf1,
    0x0, 0x0, 0x0, 0xa, 0xf8, 0x0, 0x0, 0x0,
    0x0, 0x2f, 0x10, 0x0, 0x0, 0x0, 0x0, 0x30,
    0x0, 0x0,

    /* U+25BD "▽" */
    0x0, 0x0, 0x0, 0x0, 0x0, 0xb, 0xff, 0xff,
    0xff, 0xff, 0xf8, 0x3f, 0x31, 0x11, 0x11, 0x5f,
    0x10, 0xb8, 0x0, 0x0, 0xb, 0x80, 0x3, 0xf1,
    0x0, 0x3, 0xf1, 0x0, 0xa, 0x90, 0x0, 0xb8,
    0x0, 0x0, 0x3f, 0x10, 0x3f, 0x10, 0x0, 0x0,
    0xa9, 0xb, 0x80, 0x0, 0x0, 0x2, 0xf5, 0xf1,
    0x0, 0x0, 0x0, 0xa, 0xf8, 0x0, 0x0, 0x0,
    0x0, 0x2f, 0x10, 0x0, 0x0, 0x0, 0x0, 0x30,
    0x0, 0x0,

    /* U+25BE "▾" */
    0x2, 0x22, 0x22, 0x22, 0xb, 0xff, 0xff, 0xf9,
    0x3, 0xff, 0xff, 0xf1, 0x0, 0xbf, 0xff, 0x90,
    0x0, 0x3f, 0xff, 0x10, 0x0, 0xb, 0xf9, 0x0,
    0x0, 0x3, 0xf1, 0x0, 0x0, 0x0, 0x50, 0x0,

    /* U+25BF "▿" */
    0x1, 0x11, 0x11, 0x10, 0xc, 0xff, 0xff, 0xfa,
    0x4, 0xb0, 0x0, 0xd2, 0x0, 0xc3, 0x5, 0xa0,
    0x0, 0x4b, 0xd, 0x20, 0x0, 0xc, 0x9a, 0x0,
    0x0, 0x4, 0xf2, 0x0, 0x0, 0x0, 0x60, 0x0,

    /* U+25C0 "◀" */
    0x0, 0x0, 0x0, 0x0, 0x0, 0x0, 0x0, 0x0,
    0x0, 0x0, 0x6a, 0x0, 0x0, 0x0, 0x6, 0xdf,
    0xc0, 0x0, 0x0, 0x6d, 0xff, 0xfc, 0x0, 0x6,
    0xdf, 0xff, 0xff, 0xc0, 0x6d, 0xff, 0xff, 0xff,
    0xfc, 0x6f, 0xff, 0xff, 0xff, 0xff, 0xc0, 0x18,
    0xff, 0xff, 0xff, 0xfc, 0x0, 0x1, 0x8f, 0xff,
    0xff, 0xc0, 0x0, 0x0, 0x18, 0xff, 0xfc, 0x0,
    0x0, 0x0, 0x1, 0x8f, 0xc0, 0x0, 0x0, 0x0,
    0x0, 0x16,

    /* U+25C1 "◁" */
    0x0, 0x0, 0x0, 0x0, 0x0, 0x0, 0x0, 0x0,
    0x0, 0x0, 0x5b, 0x0, 0x0, 0x0, 0x5, 0xcb,
    0xe0, 0x0, 0x0, 0x5c, 0xa2, 0x1e, 0x0, 0x5,
    0xca, 0x20, 0x1, 0xe0, 0x5d, 0xa2, 0x0, 0x0,
    0x1e, 0x5e, 0xa1, 0x0, 0x0, 0x1, 0xe0, 0x7,
    0xe8, 0x10, 0x0, 0x1e, 0x0, 0x0, 0x7d, 0x81,
    0x1, 0xe0, 0x0, 0x0, 0x7, 0xe8, 0x2e, 0x0,
    0x0, 0x0, 0x0, 0x7e, 0xe0, 0x0, 0x0, 0x0,
    0x0, 0x6,

    /* U+25C2 "◂" */
    0x0, 0x0, 0x0, 0x0, 0x0, 0x0, 0x0, 0x7d,
    0x0, 0x0, 0x7e, 0xfe, 0x0, 0x7e, 0xff, 0xfe,
    0x8, 0xff, 0xff, 0xfe, 0x0, 0x29, 0xff, 0xfe,
    0x0, 0x0, 0x29, 0xfe, 0x0, 0x0, 0x0, 0x28,

    /* U+25C3 "◃" */
    0x0, 0x0, 0x0, 0x0, 0x0, 0x0, 0x0, 0x7d,
    0x0, 0x0, 0x7e, 0x9e, 0x0, 0x7d, 0x81, 0x1e,
    0x8, 0xf7, 0x0, 0x1e, 0x0, 0x29, 0xd6, 0x1e,
    0x0, 0x0, 0x29, 0xee, 0x0, 0x0, 0x0, 0x28,

    /* U+25C4 "◄" */
    0x0, 0x0, 0x0, 0x0, 0x0, 0x0, 0x0, 0x0,
    0x0, 0x16, 0xcc, 0x0, 0x0, 0x27, 0xcf, 0xff,
    0xc0, 0x27, 0xcf, 0xff, 0xff, 0xfc, 0x4c, 0xff,
    0xff, 0xff, 0xff, 0xc0, 0x2, 0x7c, 0xff, 0xff,
    0xfc, 0x0, 0x0, 0x1, 0x6c, 0xff, 0xc0, 0x0,
    0x0, 0x0, 0x1, 0x68,

    /* U+25C5 "◅" */
    0x0, 0x0, 0x0, 0x0, 0x0, 0x0, 0x0, 0x0,
    0x0, 0x16, 0xbe, 0x0, 0x0, 0x16, 0xbf, 0xb8,
    0xe0, 0x16, 0xbd, 0x84, 0x0, 0x1e, 0x3c, 0xf8,
    0x20, 0x0, 0x1, 0xe0, 0x1, 0x6b, 0xea, 0x51,
    0x1e, 0x0, 0x0, 0x1, 0x6b, 0xfd, 0xe0, 0x0,
    0x0, 0x0, 0x0, 0x59,

    /* U+25C6 "◆" */
    0x0, 0x0, 0x0, 0x0, 0x0, 0x0, 0x0, 0x3,
    0xc1, 0x0, 0x0, 0x0, 0x3, 0xef, 0xd1, 0x0,
    0x0, 0x3, 0xef, 0xff, 0xd1, 0x0, 0x3, 0xef,
    0xff, 0xff, 0xd1, 0x3, 0xef, 0xff, 0xff, 0xff,
    0xd1, 0xaf, 0xff, 0xff, 0xff, 0xff, 0x80, 0xbf,
    0xff, 0xff, 0xff, 0x90, 0x0, 0xbf, 0xff, 0xff,
    0x90, 0x0, 0x0, 0xbf, 0xff, 0x90, 0x0, 0x0,
    0x0, 0xbf, 0x90, 0x0, 0x0, 0x0, 0x0, 0x60,
    0x0, 0x0,

    /* U+25C7 "◇" */
    0x0, 0x0, 0x0, 0x0, 0x0, 0x0, 0x0, 0x3,
    0xc1, 0x0, 0x0, 0x0, 0x3, 0xed, 0xd1, 0x0,
    0x0, 0x3, 0xe8, 0xa, 0xd1, 0x0, 0x3, 0xe8,
    0x0, 0xa, 0xd1, 0x3, 0xe8, 0x0, 0x0, 0xa,
    0xd1, 0xae, 0x10, 0x0, 0x0, 0x2f, 0x80, 0xbd,
    0x10, 0x0, 0x2e, 0x90, 0x0, 0xbc, 0x10, 0x2e,
    0x90, 0x0, 0x0, 0xbc, 0x3e, 0x90, 0x0, 0x0,
    0x0, 0xbf, 0x90, 0x0, 0x0, 0x0, 0x0, 0x60,
    0x0, 0x0,

    /* U+25C8 "◈" */
    0x0, 0x0, 0x0, 0x0, 0x0, 0x0, 0x0, 0x3,
    0xc1, 0x0, 0x0, 0x0, 0x3, 0xe8, 0xd1, 0x0,
    0x0, 0x3, 0xe5, 0xa6, 0xd1, 0x0, 0x3, 0xe5,
    0xdf, 0xc6, 0xd1, 0x3, 0xe5, 0xdf, 0xff, 0xc6,
    0xd1, 0xaa, 0x8f, 0xff, 0xff, 0x5c, 0x80, 0xb9,
    0x9f, 0xff, 0x7b, 0x90, 0x0, 0xb9, 0x9f, 0x7b,
    0x90, 0x0, 0x0, 0xb9, 0x5b, 0x90, 0x0, 0x0,
    0x0, 0xbe, 0x90, 0x0, 0x0, 0x0, 0x0, 0x60,
    0x0, 0x0,

    /* U+25C9 "◉" */
    0x0, 0x0, 0x0, 0x0, 0x0, 0x0, 0x2, 0xaf,
    0xfe, 0x81, 0x0, 0x5, 0xe8, 0x22, 0x3a, 0xe3,
    0x2, 0xf4, 0x8f, 0xfe, 0x66, 0xe1, 0x98, 0x8f,
    0xff, 0xff, 0x5b, 0x7d, 0x3f, 0xff, 0xff, 0xfc,
    0x6a, 0xe3, 0xff, 0xff, 0xff, 0xe5, 0xcd, 0x4e,
    0xff, 0xff, 0xfb, 0x7a, 0x8a, 0x6f, 0xff, 0xff,
    0x3c, 0x51, 0xe7, 0x4c, 0xeb, 0x39, 0xc0, 0x2,
    0xdc, 0x54, 0x6d, 0xc1, 0x0, 0x0, 0x6b, 0xdb,
    0x50, 0x0,

    /* U+25CA "◊" */
    0x0, 0x0, 0x20, 0x0, 0x0, 0x0, 0x1d, 0x0,
    0x0, 0x0, 0x8, 0xe6, 0x0, 0x0, 0x0, 0xe3,
    0xd0, 0x0, 0x0, 0x78, 0xb, 0x50, 0x0, 0xe,
    0x10, 0x3c, 0x0, 0x6, 0x90, 0x0, 0xc4, 0x0,
    0xd2, 0x0, 0x4, 0xb0, 0x5a, 0x0, 0x0, 0xc,
    0x3c, 0x30, 0x0, 0x0, 0x5a, 0xa5, 0x0, 0x0,
    0x8, 0x72, 0xd0, 0x0, 0x0, 0xe1, 0xb, 0x40,
    0x0, 0x78, 0x0, 0x3c, 0x0, 0xd, 0x10, 0x0,
    0xc3, 0x6, 0x90, 0x0, 0x4, 0xb0, 0xd2, 0x0,
    0x0, 0xd, 0x7a, 0x0, 0x0, 0x0, 0x5f, 0x30,
    0x0, 0x0, 0x0, 0x90, 0x0, 0x0, 0x0, 0x0,
    0x0, 0x0,

    /* U+25CB "○" */
    0x0, 0x0, 0x0, 0x0, 0x0, 0x0, 0x2, 0xaf,
    0xfe, 0x81, 0x0, 0x5, 0xe8, 0x20, 0x2a, 0xe3,
    0x2, 0xf4, 0x0, 0x0, 0x6, 0xe1, 0x98, 0x0,
    0x0, 0x0, 0xb, 0x7d, 0x30, 0x0, 0x0, 0x0,
    0x6a, 0xe2, 0x0, 0x0, 0x0, 0x5, 0xcd, 0x40,
    0x0, 0x0, 0x0, 0x7a, 0x8a, 0x0, 0x0, 0x0,
    0xc, 0x51, 0xe7, 0x0, 0x0, 0x9, 0xc0, 0x2,
    0xdc, 0x54, 0x6d, 0xc1, 0x0, 0x0, 0x6b, 0xdb,
    0x50, 0x0,

    /* U+25CC "◌" */
    0x0, 0x0, 0x0, 0x0, 0x0, 0x0, 0x1, 0xc,
    0xf9, 0x1, 0x0, 0x5, 0xe1, 0x10, 0x3, 0xe3,
    0x0, 0x93, 0x0, 0x0, 0x6, 0x60, 0x0, 0x0,
    0x0, 0x0, 0x0, 0xb, 0x20, 0x0, 0x0, 0x0,
    0x49, 0xe2, 0x0, 0x0, 0x0, 0x4, 0xc8, 0x10,
    0x0, 0x0, 0x0, 0x36, 0x0, 0x0, 0x0, 0x0,
    0x0, 0x0, 0xb7, 0x0, 0x0, 0x9, 0x80, 0x2,
    0xd1, 0x34, 0x23, 0xc1, 0x0, 0x0, 0x9, 0xd7,
    0x0, 0x0,

    /* U+25CD "◍" */
    0x0, 0x0, 0x0, 0x0, 0x0, 0x0, 0x2, 0x9f,
    0xfe, 0x91, 0x0, 0x5, 0xf8, 0xf1, 0xf8, 0xe4,
    0x2, 0xff, 0x1f, 0x1f, 0x1f, 0xe1, 0x99, 0xf1,
    0xf1, 0xf1, 0xe9, 0x8d, 0x4f, 0x1f, 0x1f, 0x1e,
    0x4c, 0xe2, 0xf1, 0xf1, 0xf1, 0xe3, 0xdd, 0x4f,
    0x1f, 0x1f, 0x1e, 0x5c, 0x8b, 0xf1, 0xf1, 0xf1,
    0xeb, 0x71, 0xef, 0x1f, 0x1f, 0x1f, 0xd0, 0x2,
    0xdc, 0xf4, 0xfc, 0xc2, 0x0, 0x0, 0x6b, 0xdb,
    0x50, 0x0,

    /* U+25CE "◎" */
    0x0, 0x0, 0x0, 0x0, 0x0, 0x0, 0x2, 0xaf,
    0xfe, 0x81, 0x0, 0x5, 0xe8, 0x20, 0x2a, 0xe3,
    0x2, 0xf4, 0x0, 0x0, 0x6, 0xe1, 0x98, 0x0,
    0x9c, 0x90, 0xb, 0x7d, 0x30, 0x9a, 0x3a, 0x90,
    0x6a, 0xe2, 0xa, 0x50, 0x5a, 0x5, 0xcd, 0x40,
    0x3e, 0xce, 0x30, 0x7a, 0x8a, 0x0, 0x3, 0x0,
    0xc, 0x51, 0xe7, 0x0, 0x0, 0x9, 0xc0, 0x2,
    0xdc, 0x54, 0x6d, 0xc1, 0x0, 0x0, 0x6b, 0xdb,
    0x50, 0x0,

    /* U+25CF "●" */
    0x0, 0x0, 0x0, 0x0, 0x0, 0x0, 0x2, 0xaf,
    0xfe, 0x91, 0x0, 0x5, 0xff, 0xff, 0xff, 0xe3,
    0x2, 0xff, 0xff, 0xff, 0xff, 0xe1, 0xaf, 0xff,
    0xff, 0xff, 0xff, 0x7d, 0xff, 0xff, 0xff, 0xff,
    0xfa, 0xef, 0xff, 0xff, 0xff, 0xff, 0xbc, 0xff,
    0xff, 0xff, 0xff, 0xfa, 0x7f, 0xff, 0xff, 0xff,
    0xff, 0x50, 0xdf, 0xff, 0xff, 0xff, 0xb0, 0x1,
    0xcf, 0xff, 0xff, 0xa0, 0x0, 0x0, 0x49, 0xb9,
    0x30, 0x0,

    /* U+25D0 "◐" */
    0x0, 0x0, 0x0, 0x0, 0x0, 0x0, 0x2, 0xaf,
    0xfe, 0x81, 0x0, 0x5, 0xff, 0xf7, 0x2a, 0xe3,
    0x2, 0xff, 0xff, 0x60, 0x6, 0xe1, 0x9f, 0xff,
    0xf6, 0x0, 0xb, 0x7d, 0xff, 0xff, 0x60, 0x0,
    0x6a, 0xef, 0xff, 0xf6, 0x0, 0x5, 0xcd, 0xff,
    0xff, 0x60, 0x0, 0x7a, 0x8f, 0xff, 0xf6, 0x0,
    0xc, 0x51, 0xef, 0xff, 0x60, 0x9, 0xc0, 0x2,
    0xdf, 0xf9, 0x6d, 0xc1, 0x0, 0x0, 0x6b, 0xdb,
    0x50, 0x0,

    /* U+25D1 "◑" */
    0x0, 0x0, 0x0, 0x0, 0x0, 0x0, 0x2, 0x9f,
    0xff, 0x92, 0x0, 0x5, 0xf9, 0x27, 0xff, 0xf4,
    0x2, 0xf4, 0x0, 0x7f, 0xff, 0xf2, 0x98, 0x0,
    0x7, 0xff, 0xff, 0x9d, 0x30, 0x0, 0x7f, 0xff,
    0xfd, 0xe2, 0x0, 0x7, 0xff, 0xff, 0xed, 0x40,
    0x0, 0x7f, 0xff, 0xfc, 0x8a, 0x0, 0x7, 0xff,
    0xff, 0x71, 0xe7, 0x0, 0x7f, 0xff, 0xd1, 0x2,
    0xdc, 0x69, 0xff, 0xd2, 0x0, 0x0, 0x6b, 0xdb,
    0x60, 0x0,

    /* U+25D2 "◒" */
    0x0, 0x0, 0x0, 0x0, 0x0, 0x0, 0x2, 0xaf,
    0xfe, 0x81, 0x0, 0x5, 0xf8, 0x20, 0x3a, 0xe3,
    0x2, 0xf4, 0x0, 0x0, 0x7, 0xe1, 0x99, 0x0,
    0x0, 0x0, 0xb, 0x6d, 0x40, 0x0, 0x0, 0x0,
    0x6a, 0xe8, 0x77, 0x77, 0x77, 0x79, 0xcd, 0xff,
    0xff, 0xff, 0xff, 0xfa, 0x8f, 0xff, 0xff, 0xff,
    0xff, 0x61, 0xef, 0xff, 0xff, 0xff, 0xd0, 0x3,
    0xef, 0xff, 0xff, 0xd2, 0x0, 0x1, 0x8d, 0xec,
    0x60, 0x0,

    /* U+25D3 "◓" */
    0x0, 0x0, 0x0, 0x0, 0x0, 0x0, 0x2, 0xaf,
    0xfe, 0x81, 0x0, 0x5, 0xff, 0xff, 0xff, 0xe3,
    0x2, 0xff, 0xff, 0xff, 0xff, 0xe1, 0x9f, 0xff,
    0xff, 0xff, 0xff, 0x7d, 0xff, 0xff, 0xff, 0xff,
    0xfa, 0xe6, 0x55, 0x55, 0x55, 0x58, 0xcd, 0x40,
    0x0, 0x0, 0x0, 0x7a, 0x8a, 0x0, 0x0, 0x0,
    0xd, 0x51, 0xe7, 0x0, 0x0, 0x9, 0xc0, 0x2,
    0xdc, 0x54, 0x6d, 0xc1, 0x0, 0x0, 0x6b, 0xdb,
    0x50, 0x0,

    /* U+25D4 "◔" */
    0x0, 0x0, 0x0, 0x0, 0x0, 0x0, 0x2, 0xaf,
    0xfe, 0x81, 0x0, 0x5, 0xe8, 0x29, 0xff, 0xe3,
    0x2, 0xf4, 0x0, 0x9f, 0xff, 0xe1, 0x98, 0x0,
    0x9, 0xff, 0xff, 0x7d, 0x30, 0x0, 0x9f, 0xff,
    0xfa, 0xe2, 0x0, 0x3, 0x55, 0x58, 0xcd, 0x40,
    0x0, 0x0, 0x0, 0x7a, 0x8a, 0x0, 0x0, 0x0,
    0xd, 0x51, 0xe7, 0x0, 0x0, 0x9, 0xc0, 0x2,
    0xdc, 0x54, 0x6d, 0xc1, 0x0, 0x0, 0x6b, 0xdb,
    0x50, 0x0,

    /* U+25D5 "◕" */
    0x0, 0x0, 0x0, 0x0, 0x0, 0x0, 0x2, 0x9f,
    0xff, 0x92, 0x0, 0x4, 0xf9, 0x27, 0xff, 0xf4,
    0x2, 0xf4, 0x0, 0x7f, 0xff, 0xf2, 0x99, 0x0,
    0x7, 0xff, 0xff, 0x9d, 0x40, 0x0, 0x7f, 0xff,
    0xfc, 0xe8, 0x77, 0x7b, 0xff, 0xff, 0xed, 0xff,
    0xff, 0xff, 0xff, 0xfc, 0x8f, 0xff, 0xff, 0xff,
    0xff, 0x81, 0xef, 0xff, 0xff, 0xff, 0xe1, 0x3,
    0xef, 0xff, 0xff, 0xe3, 0x0, 0x1, 0x7c, 0xec,
    0x71, 0x0,

    /* U+25D6 "◖" */
    0x0, 0x0, 0x0, 0x0, 0x0, 0x5c, 0xf1, 0x0,
    0x9f, 0xff, 0x10, 0x7f, 0xff, 0xf1, 0xe, 0xff,
    0xff, 0x12, 0xff, 0xff, 0xf1, 0x3f, 0xff, 0xff,
    0x11, 0xff, 0xff, 0xf1, 0xc, 0xff, 0xff, 0x10,
    0x3f, 0xff, 0xf1, 0x0, 0x4e, 0xff, 0x10, 0x0,
    0x6, 0xa1,

    /* U+25D7 "◗" */
    0x0, 0x0, 0x0, 0x4, 0xfb, 0x30, 0x0, 0x4f,
    0xff, 0x70, 0x4, 0xff, 0xff, 0x50, 0x4f, 0xff,
    0xfc, 0x4, 0xff, 0xff, 0xf0, 0x4f, 0xff, 0xff,
    0x14, 0xff, 0xff, 0xf0, 0x4f, 0xff, 0xfa, 0x4,
    0xff, 0xfe, 0x20, 0x4f, 0xfd, 0x30, 0x2, 0xa5,
    0x0, 0x0,

    /* U+25D8 "◘" */
    0x1f, 0xff, 0xff, 0xff, 0xff, 0xff, 0x11, 0xff,
    0xff, 0xff, 0xff, 0xff, 0xf1, 0x1f, 0xff, 0xff,
    0xff, 0xff, 0xff, 0x11, 0xff, 0xff, 0xff, 0xff,
    0xff, 0xf1, 0x1f, 0xff, 0xfd, 0xad, 0xff, 0xff,
    0x11, 0xff, 0xf9, 0x0, 0xa, 0xff, 0xf1, 0x1f,
    0xff, 0x0, 0x0, 0x1f, 0xff, 0x11, 0xff, 0xf0,
    0x0, 0x0, 0xff, 0xf1, 0x1f, 0xff, 0x30, 0x0,
    0x4f, 0xff, 0x11, 0xff, 0xfe, 0x52, 0x5e, 0xff,
    0xf1, 0x1f, 0xff, 0xff, 0xff, 0xff, 0xff, 0x11,
    0xff, 0xff, 0xff, 0xff, 0xff, 0xf1, 0x1f, 0xff,
    0xff, 0xff, 0xff, 0xff, 0x11, 0xff, 0xff, 0xff,
    0xff, 0xff, 0xf1, 0x2, 0x22, 0x22, 0x22, 0x22,
    0x22, 0x0,

    /* U+25D9 "◙" */
    0x2d, 0xdd, 0xdd, 0xdd, 0xdd, 0xdc, 0x3f, 0xff,
    0xff, 0xff, 0xff, 0xff, 0x3f, 0xff, 0xff, 0xff,
    0xff, 0xff, 0x3f, 0xff, 0xff, 0xff, 0xff, 0xff,
    0x3f, 0xfd, 0x61, 0x2, 0x8f, 0xff, 0x3f, 0xa1,
    0x8e, 0xfc, 0x52, 0xdf, 0x3d, 0x1c, 0xff, 0xff,
    0xf9, 0x2e, 0x35, 0x8f, 0xff, 0xff, 0xff, 0x49,
    0x31, 0xdf, 0xff, 0xff, 0xff, 0x95, 0x30, 0xef,
    0xff, 0xff, 0xff, 0xa4, 0x31, 0xcf, 0xff, 0xff,
    0xff, 0x75, 0x36, 0x5f, 0xff, 0xff, 0xff, 0x1a,
    0x3d, 0x7, 0xff, 0xff, 0xe4, 0x3f, 0x3f, 0xb1,
    0x28, 0x97, 0x13, 0xef, 0x3f, 0xfe, 0x72, 0x13,
    0x9f, 0xff, 0x3f, 0xff, 0xff, 0xff, 0xff, 0xff,
    0x3f, 0xff, 0xff, 0xff, 0xff, 0xff, 0x3f, 0xff,
    0xff, 0xff, 0xff, 0xff, 0x2b, 0xbb, 0xbb, 0xbb,
    0xbb, 0xba,

    /* U+25DA "◚" */
    0x2d, 0xdd, 0xdd, 0xdd, 0xdd, 0xdc, 0x3f, 0xff,
    0xff, 0xff, 0xff, 0xff, 0x3f, 0xff, 0xff, 0xff,
    0xff, 0xff, 0x3f, 0xff, 0xff, 0xff, 0xff, 0xff,
    0x3f, 0xfd, 0x61, 0x2, 0x7f, 0xff, 0x3f, 0xa1,
    0x8e, 0xfc, 0x52, 0xdf, 0x3c, 0x1c, 0xff, 0xff,
    0xf9, 0x2e, 0x35, 0x8f, 0xff, 0xff, 0xff, 0x49,
    0x31, 0xdf, 0xff, 0xff, 0xff, 0x95, 0x10, 0x45,
    0x55, 0x55, 0x55, 0x31,

    /* U+25DB "◛" */
    0x30, 0xce, 0xee, 0xee, 0xee, 0x84, 0x32, 0xaf,
    0xff, 0xff, 0xff, 0x66, 0x37, 0x3f, 0xff, 0xff,
    0xfd, 0xb, 0x3e, 0x14, 0xef, 0xff, 0xc2, 0x4f,
    0x3f, 0xc1, 0x4, 0x63, 0x4, 0xef, 0x3f, 0xfe,
    0x83, 0x13, 0xaf, 0xff, 0x3f, 0xff, 0xff, 0xff,
    0xff, 0xff, 0x3f, 0xff, 0xff, 0xff, 0xff, 0xff,
    0x3f, 0xff, 0xff, 0xff, 0xff, 0xff, 0x2b, 0xbb,
    0xbb, 0xbb, 0xbb, 0xba,

    /* U+25DC "◜" */
    0x0, 0x0, 0x0, 0x0, 0x0, 0x5c, 0xf1, 0x0,
    0x9e, 0x51, 0x0, 0x7d, 0x10, 0x0, 0xe, 0x30,
    0x0, 0x2, 0xe0, 0x0, 0x0, 0x14, 0x0, 0x0,
    0x0,

    /* U+25DD "◝" */
    0x0, 0x0, 0x0, 0x3, 0xfb, 0x30, 0x0, 0x1,
    0x7e, 0x70, 0x0, 0x0, 0x2e, 0x50, 0x0, 0x0,
    0x6c, 0x0, 0x0, 0x1, 0xf0, 0x0, 0x0, 0x5,
    0x0,

    /* U+25DE "◞" */
    0x0, 0x0, 0x8, 0x0, 0x0, 0x2, 0xf0, 0x0,
    0x0, 0x8b, 0x0, 0x0, 0x5f, 0x30, 0x5, 0xae,
    0x40, 0x3, 0xc7, 0x10, 0x0,

    /* U+25DF "◟" */
    0x27, 0x0, 0x0, 0x2, 0xf0, 0x0, 0x0, 0xd,
    0x50, 0x0, 0x0, 0x5e, 0x30, 0x0, 0x0, 0x6f,
    0x94, 0x0, 0x0, 0x28, 0xc1,

    /* U+25E0 "◠" */
    0x0, 0x0, 0x0, 0x0, 0x0, 0x0, 0x2, 0xaf,
    0xfe, 0x91, 0x0, 0x5, 0xf8, 0x20, 0x29, 0xe3,
    0x2, 0xf3, 0x0, 0x0, 0x6, 0xe1, 0xa8, 0x0,
    0x0, 0x0, 0xb, 0x7d, 0x30, 0x0, 0x0, 0x0,
    0x6a, 0x40, 0x0, 0x0, 0x0, 0x1, 0x30,

    /* U+25E1 "◡" */
    0x81, 0x0, 0x0, 0x0, 0x2, 0x6d, 0x40, 0x0,
    0x0, 0x0, 0x6a, 0x8a, 0x0, 0x0, 0x0, 0xc,
    0x51, 0xe6, 0x0, 0x0, 0x9, 0xc0, 0x3, 0xdc,
    0x54, 0x6d, 0xc1, 0x0, 0x0, 0x6b, 0xdb, 0x50,
    0x0,

    /* U+25E2 "◢" */
    0x0, 0x0, 0x0, 0x0, 0x0, 0x0, 0x0, 0x0,
    0x0, 0x0, 0x8, 0x0, 0x0, 0x0, 0x0, 0xb,
    0xc0, 0x0, 0x0, 0x0, 0xb, 0xfc, 0x0, 0x0,
    0x0, 0xb, 0xff, 0xc0, 0x0, 0x0, 0xb, 0xff,
    0xfc, 0x0, 0x0, 0xb, 0xff, 0xff, 0xc0, 0x0,
    0xb, 0xff, 0xff, 0xfc, 0x0, 0xb, 0xff, 0xff,
    0xff, 0xc0, 0xb, 0xff, 0xff, 0xff, 0xfc, 0xb,
    0xff, 0xff, 0xff, 0xff, 0xc6, 0xbb, 0xbb, 0xbb,
    0xbb, 0xb8,

    /* U+25E3 "◣" */
    0x0, 0x0, 0x0, 0x0, 0x0, 0x8, 0x0, 0x0,
    0x0, 0x0, 0x0, 0xf9, 0x0, 0x0, 0x0, 0x0,
    0xf, 0xf9, 0x0, 0x0, 0x0, 0x0, 0xff, 0xf9,
    0x0, 0x0, 0x0, 0xf, 0xff, 0xf9, 0x0, 0x0,
    0x0, 0xff, 0xff, 0xf9, 0x0, 0x0, 0xf, 0xff,
    0xff, 0xf9, 0x0, 0x0, 0xff, 0xff, 0xff, 0xf9,
    0x0, 0xf, 0xff, 0xff, 0xff, 0xf9, 0x0, 0xff,
    0xff, 0xff, 0xff, 0xf9, 0xa, 0xbb, 0xbb, 0xbb,
    0xbb, 0xb4,

    /* U+25E4 "◤" */
    0x0, 0x0, 0x0, 0x0, 0x0, 0xf, 0xff, 0xff,
    0xff, 0xff, 0xf4, 0xff, 0xff, 0xff, 0xff, 0xf4,
    0xf, 0xff, 0xff, 0xff, 0xf4, 0x0, 0xff, 0xff,
    0xff, 0xf4, 0x0, 0xf, 0xff, 0xff, 0xf4, 0x0,
    0x0, 0xff, 0xff, 0xf4, 0x0, 0x0, 0xf, 0xff,
    0xf4, 0x0, 0x0, 0x0, 0xff, 0xf4, 0x0, 0x0,
    0x0, 0xf, 0xf4, 0x0, 0x0, 0x0, 0x0, 0xe4,
    0x0, 0x0, 0x0, 0x0, 0x3, 0x0, 0x0, 0x0,
    0x0, 0x0,

    /* U+25E5 "◥" */
    0x0, 0x0, 0x0, 0x0, 0x0, 0x6, 0xff, 0xff,
    0xff, 0xff, 0xfc, 0x6, 0xff, 0xff, 0xff, 0xff,
    0xc0, 0x6, 0xff, 0xff, 0xff, 0xfc, 0x0, 0x6,
    0xff, 0xff, 0xff, 0xc0, 0x0, 0x6, 0xff, 0xff,
    0xfc, 0x0, 0x0, 0x6, 0xff, 0xff, 0xc0, 0x0,
    0x0, 0x6, 0xff, 0xfc, 0x0, 0x0, 0x0, 0x6,
    0xff, 0xc0, 0x0, 0x0, 0x0, 0x6, 0xfc, 0x0,
    0x0, 0x0, 0x0, 0x6, 0xc0, 0x0, 0x0, 0x0,
    0x0, 0x3,

    /* U+25E6 "◦" */
    0x3, 0x73, 0x0, 0x65, 0x15, 0x60, 0x80, 0x0,
    0x80, 0x80, 0x0, 0x80, 0x81, 0x1, 0x80, 0x18,
    0x88, 0x10,

    /* U+25E7 "◧" */
    0x0, 0x0, 0x0, 0x0, 0x0, 0xf, 0xff, 0xff,
    0xff, 0xff, 0xfe, 0xff, 0xff, 0xf6, 0x0, 0x1,
    0xef, 0xff, 0xff, 0x60, 0x0, 0x1e, 0xff, 0xff,
    0xf6, 0x0, 0x1, 0xef, 0xff, 0xff, 0x60, 0x0,
    0x1e, 0xff, 0xff, 0xf6, 0x0, 0x1, 0xef, 0xff,
    0xff, 0x60, 0x0, 0x1e, 0xff, 0xff, 0xf6, 0x0,
    0x1, 0xef, 0xff, 0xff, 0x60, 0x0, 0x1e, 0xff,
    0xff, 0xf7, 0x11, 0x12, 0xed, 0xee, 0xee, 0xee,
    0xee, 0xed,

    /* U+25E8 "◨" */
    0x0, 0x0, 0x0, 0x0, 0x0, 0xf, 0xff, 0xff,
    0xff, 0xff, 0xfe, 0xf1, 0x0, 0x7, 0xff, 0xff,
    0xef, 0x10, 0x0, 0x7f, 0xff, 0xfe, 0xf1, 0x0,
    0x7, 0xff, 0xff, 0xef, 0x10, 0x0, 0x7f, 0xff,
    0xfe, 0xf1, 0x0, 0x7, 0xff, 0xff, 0xef, 0x10,
    0x0, 0x7f, 0xff, 0xfe, 0xf1, 0x0, 0x7, 0xff,
    0xff, 0xef, 0x10, 0x0, 0x7f, 0xff, 0xfe, 0xf2,
    0x11, 0x17, 0xff, 0xff, 0xed, 0xee, 0xee, 0xee,
    0xee, 0xed,

    /* U+25E9 "◩" */
    0xad, 0xdd, 0xdd, 0xdd, 0xdd, 0xbd, 0xff, 0xff,
    0xff, 0xff, 0xae, 0xdf, 0xff, 0xff, 0xff, 0x91,
    0xed, 0xff, 0xff, 0xff, 0x90, 0x1e, 0xdf, 0xff,
    0xff, 0x90, 0x1, 0xed, 0xff, 0xff, 0x90, 0x0,
    0x1e, 0xdf, 0xff, 0x90, 0x0, 0x1, 0xed, 0xff,
    0x90, 0x0, 0x0, 0x1e, 0xdf, 0x90, 0x0, 0x0,
    0x1, 0xed, 0xa1, 0x11, 0x11, 0x11, 0x2e, 0xbe,
    0xee, 0xee, 0xee, 0xee, 0xd0,

    /* U+25EA "◪" */
    0x0, 0x0, 0x0, 0x0, 0x0, 0xf, 0xff, 0xff,
    0xff, 0xff, 0xfc, 0xf1, 0x0, 0x0, 0x0, 0xb,
    0xcf, 0x10, 0x0, 0x0, 0xb, 0xfc, 0xf1, 0x0,
    0x0, 0xb, 0xff, 0xcf, 0x10, 0x0, 0xb, 0xff,
    0xfc, 0xf1, 0x0, 0xb, 0xff, 0xff, 0xcf, 0x10,
    0xb, 0xff, 0xff, 0xfc, 0xf1, 0xb, 0xff, 0xff,
    0xff, 0xcf, 0x1b, 0xff, 0xff, 0xff, 0xfc, 0xfc,
    0xff, 0xff, 0xff, 0xff, 0xca, 0xbb, 0xbb, 0xbb,
    0xbb, 0xb8,

    /* U+25EB "◫" */
    0x0, 0x0, 0x0, 0x0, 0x0, 0xf, 0xff, 0xff,
    0xff, 0xff, 0xfc, 0xf1, 0x0, 0x1e, 0x0, 0x3,
    0xcf, 0x10, 0x1, 0xe0, 0x0, 0x3c, 0xf1, 0x0,
    0x1e, 0x0, 0x3, 0xcf, 0x10, 0x1, 0xe0, 0x0,
    0x3c, 0xf1, 0x0, 0x1e, 0x0, 0x3, 0xcf, 0x10,
    0x1, 0xe0, 0x0, 0x3c, 0xf1, 0x0, 0x1e, 0x0,
    0x3, 0xcf, 0x10, 0x1, 0xe0, 0x0, 0x3c, 0xf2,
    0x11, 0x2e, 0x11, 0x14, 0xcd, 0xee, 0xee, 0xee,
    0xee, 0xeb,

    /* U+25EC "◬" */
    0x0, 0x0, 0x0, 0x0, 0x0, 0x0, 0x0, 0x0,
    0x80, 0x0, 0x0, 0x0, 0x0, 0x5f, 0x20, 0x0,
    0x0, 0x0, 0xd, 0x7a, 0x0, 0x0, 0x0, 0x5,
    0xa0, 0xd2, 0x0, 0x0, 0x0, 0xc2, 0x5, 0xa0,
    0x0, 0x0, 0x4b, 0x4, 0xd, 0x20, 0x0, 0xc,
    0x3a, 0xf7, 0x69, 0x0, 0x4, 0xb0, 0x7e, 0x40,
    0xd1, 0x0, 0xc3, 0x0, 0x0, 0x6, 0x90, 0x4c,
    0x11, 0x11, 0x11, 0x1e, 0x1a, 0xee, 0xee, 0xee,
    0xee, 0xe8,

    /* U+25ED "◭" */
    0x0, 0x0, 0x5, 0x0, 0x0, 0x0, 0x0, 0x3,
    0xf1, 0x0, 0x0, 0x0, 0x0, 0xbd, 0x90, 0x0,
    0x0, 0x0, 0x3f, 0x7d, 0x10, 0x0, 0x0, 0xb,
    0xf6, 0x69, 0x0, 0x0, 0x3, 0xff, 0x60, 0xd1,
    0x0, 0x0, 0xbf, 0xf6, 0x6, 0x90, 0x0, 0x3f,
    0xff, 0x60, 0xd, 0x10, 0xb, 0xff, 0xf6, 0x0,
    0x69, 0x3, 0xff, 0xff, 0x71, 0x12, 0xe1, 0xae,
    0xee, 0xee, 0xee, 0xee, 0x80,

    /* U+25EE "◮" */
    0x0, 0x0, 0x5, 0x0, 0x0, 0x0, 0x0, 0x3,
    0xf1, 0x0, 0x0, 0x0, 0x0, 0xbd, 0x90, 0x0,
    0x0, 0x0, 0x3c, 0x9f, 0x10, 0x0, 0x0, 0xb,
    0x49, 0xf9, 0x0, 0x0, 0x3, 0xc0, 0x9f, 0xf1,
    0x0, 0x0, 0xb4, 0x9, 0xff, 0x90, 0x0, 0x3c,
    0x0, 0x9f, 0xff, 0x10, 0xb, 0x40, 0x9, 0xff,
    0xf9, 0x3, 0xc1, 0x11, 0x9f, 0xff, 0xf1, 0xae,
    0xee, 0xee, 0xee, 0xee, 0x80,

    /* U+25EF "◯" */
    0x0, 0x0, 0x2, 0x31, 0x0, 0x0, 0x0, 0x0,
    0x5d, 0xfe, 0xfc, 0x40, 0x0, 0x0, 0x9e, 0x50,
    0x0, 0x7f, 0x70, 0x0, 0x6e, 0x10, 0x0, 0x0,
    0x3f, 0x40, 0xd, 0x50, 0x0, 0x0, 0x0, 0x8b,
    0x1, 0xf0, 0x0, 0x0, 0x0, 0x3, 0xe0, 0x2f,
    0x0, 0x0, 0x0, 0x0, 0x2f, 0x0, 0xf1, 0x0,
    0x0, 0x0, 0x4, 0xe0, 0xb, 0x70, 0x0, 0x0,
    0x0, 0xa9, 0x0, 0x3f, 0x40, 0x0, 0x0, 0x7e,
    0x10, 0x0, 0x5f, 0xa4, 0x35, 0xbe, 0x30, 0x0,
    0x0, 0x18, 0xde, 0xc7, 0x10, 0x0,

    /* U+25F0 "◰" */
    0x0, 0x0, 0x0, 0x0, 0x0, 0xf, 0xff, 0xff,
    0xff, 0xff, 0xfc, 0xf1, 0x0, 0x1e, 0x0, 0x3,
    0xcf, 0x10, 0x1, 0xe0, 0x0, 0x3c, 0xf1, 0x0,
    0x1e, 0x0, 0x3, 0xcf, 0x10, 0x2, 0xe0, 0x0,
    0x3c, 0xff, 0xff, 0xfe, 0x0, 0x3, 0xcf, 0x10,
    0x0, 0x0, 0x0, 0x3c, 0xf1, 0x0, 0x0, 0x0,
    0x3, 0xcf, 0x10, 0x0, 0x0, 0x0, 0x3c, 0xf2,
    0x11, 0x11, 0x11, 0x14, 0xcd, 0xee, 0xee, 0xee,
    0xee, 0xeb,

    /* U+25F1 "◱" */
    0x0, 0x0, 0x0, 0x0, 0x0, 0xf, 0xff, 0xff,
    0xff, 0xff, 0xfc, 0xf1, 0x0, 0x0, 0x0, 0x3,
    0xcf, 0x10, 0x0, 0x0, 0x0, 0x3c, 0xf1, 0x0,
    0x0, 0x0, 0x3, 0xcf, 0x10, 0x0, 0x0, 0x0,
    0x3c, 0xff, 0xff, 0xfe, 0x0, 0x3, 0xcf, 0x10,
    0x1, 0xe0, 0x0, 0x3c, 0xf1, 0x0, 0x1e, 0x0,
    0x3, 0xcf, 0x10, 0x1, 0xe0, 0x0, 0x3c, 0xf2,
    0x11, 0x2e, 0x11, 0x14, 0xcd, 0xee, 0xee, 0xee,
    0xee, 0xeb,

    /* U+25F2 "◲" */
    0x0, 0x0, 0x0, 0x0, 0x0, 0xf, 0xff, 0xff,
    0xff, 0xff, 0xfc, 0xf1, 0x0, 0x0, 0x0, 0x3,
    0xcf, 0x10, 0x0, 0x0, 0x0, 0x3c, 0xf1, 0x0,
    0x0, 0x0, 0x3, 0xcf, 0x10, 0x0, 0x0, 0x0,
    0x4c, 0xf1, 0x0, 0x1f, 0xff, 0xff, 0xcf, 0x10,
    0x1, 0xe0, 0x0, 0x3c, 0xf1, 0x0, 0x1e, 0x0,
    0x3, 0xcf, 0x10, 0x1, 0xe0, 0x0, 0x3c, 0xf2,
    0x11, 0x2e, 0x11, 0x14, 0xcd, 0xee, 0xee, 0xee,
    0xee, 0xeb,

    /* U+25F3 "◳" */
    0x0, 0x0, 0x0, 0x0, 0x0, 0xf, 0xff, 0xff,
    0xff, 0xff, 0xfc, 0xf1, 0x0, 0x1e, 0x0, 0x3,
    0xcf, 0x10, 0x1, 0xe0, 0x0, 0x3c, 0xf1, 0x0,
    0x1e, 0x0, 0x3, 0xcf, 0x10, 0x1, 0xe0, 0x0,
    0x4c, 0xf1, 0x0, 0x1f, 0xff, 0xff, 0xcf, 0x10,
    0x0, 0x0, 0x0, 0x3c, 0xf1, 0x0, 0x0, 0x0,
    0x3, 0xcf, 0x10, 0x0, 0x0, 0x0, 0x3c, 0xf2,
    0x11, 0x11, 0x11, 0x14, 0xcd, 0xee, 0xee, 0xee,
    0xee, 0xeb,

    /* U+25F4 "◴" */
    0x0, 0x18, 0xde, 0xc7, 0x0, 0x0, 0x4e, 0x95,
    0xe4, 0xbd, 0x20, 0x2e, 0x50, 0x1e, 0x0, 0x7d,
    0x9, 0x90, 0x1, 0xe0, 0x0, 0xb6, 0xd4, 0x0,
    0x2e, 0x0, 0x6, 0xae, 0xff, 0xff, 0xe0, 0x0,
    0x4c, 0xd4, 0x0, 0x0, 0x0, 0x6, 0xa8, 0xa0,
    0x0, 0x0, 0x0, 0xc5, 0x1e, 0x60, 0x0, 0x0,
    0x9c, 0x0, 0x3d, 0xb5, 0x46, 0xdc, 0x10, 0x0,
    0x6, 0xbd, 0xb5, 0x0, 0x0,

    /* U+25F5 "◵" */
    0x0, 0x0, 0x0, 0x0, 0x0, 0x0, 0x2, 0xaf,
    0xfe, 0x81, 0x0, 0x5, 0xe8, 0x20, 0x2a, 0xe3,
    0x2, 0xf3, 0x0, 0x0, 0x6, 0xe1, 0x98, 0x0,
    0x0, 0x0, 0xb, 0x7d, 0x40, 0x0, 0x0, 0x0,
    0x6a, 0xef, 0xff, 0xfe, 0x0, 0x5, 0xcd, 0x40,
    0x1, 0xe0, 0x0, 0x7a, 0x8a, 0x0, 0x1e, 0x0,
    0xc, 0x51, 0xe6, 0x1, 0xe0, 0x9, 0xc0, 0x2,
    0xdb, 0x6f, 0x6d, 0xc1, 0x0, 0x0, 0x6b, 0xdb,
    0x50, 0x0,

    /* U+25F6 "◶" */
    0x0, 0x0, 0x0, 0x0, 0x0, 0x0, 0x2, 0xaf,
    0xfe, 0x81, 0x0, 0x5, 0xf8, 0x20, 0x2a, 0xe3,
    0x2, 0xf4, 0x0, 0x0, 0x6, 0xe1, 0x98, 0x0,
    0x0, 0x0, 0xb, 0x7d, 0x30, 0x0, 0x0, 0x0,
    0x6a, 0xe2, 0x0, 0x1f, 0xff, 0xff, 0xcd, 0x40,
    0x1, 0xe0, 0x0, 0x6a, 0x8a, 0x0, 0x1e, 0x0,
    0xc, 0x51, 0xe7, 0x1, 0xe0, 0x9, 0xc0, 0x2,
    0xdc, 0x6f, 0x6d, 0xc1, 0x0, 0x0, 0x6b, 0xdb,
    0x50, 0x0,

    /* U+25F7 "◷" */
    0x0, 0x18, 0xde, 0xc7, 0x0, 0x0, 0x4e, 0x95,
    0xe4, 0xbd, 0x20, 0x2e, 0x50, 0x1e, 0x0, 0x7d,
    0x9, 0x90, 0x1, 0xe0, 0x0, 0xb6, 0xd3, 0x0,
    0x1e, 0x0, 0x7, 0xae, 0x20, 0x1, 0xff, 0xff,
    0xfc, 0xd4, 0x0, 0x0, 0x0, 0x6, 0xa8, 0xa0,
    0x0, 0x0, 0x0, 0xc5, 0x1e, 0x60, 0x0, 0x0,
    0x9c, 0x0, 0x3d, 0xc5, 0x46, 0xdc, 0x10, 0x0,
    0x6, 0xbd, 0xb5, 0x0, 0x0,

    /* U+25F8 "◸" */
    0x0, 0x0, 0x0, 0x0, 0x0, 0xf, 0xff, 0xff,
    0xff, 0xff, 0xf4, 0xf1, 0x0, 0x0, 0x4, 0xe4,
    0xf, 0x10, 0x0, 0x4, 0xe4, 0x0, 0xf1, 0x0,
    0x4, 0xe4, 0x0, 0xf, 0x10, 0x4, 0xe4, 0x0,
    0x0, 0xf1, 0x4, 0xe4, 0x0, 0x0, 0xf, 0x14,
    0xe4, 0x0, 0x0, 0x0, 0xf5, 0xe4, 0x0, 0x0,
    0x0, 0xf, 0xf4, 0x0, 0x0, 0x0, 0x0, 0xe4,
    0x0, 0x0, 0x0, 0x0, 0x3, 0x0, 0x0, 0x0,
    0x0, 0x0,

    /* U+25F9 "◹" */
    0x0, 0x0, 0x0, 0x0, 0x0, 0x4, 0xff, 0xff,
    0xff, 0xff, 0xfe, 0x4, 0xf4, 0x0, 0x0, 0x1,
    0xe0, 0x4, 0xf4, 0x0, 0x0, 0x1e, 0x0, 0x4,
    0xf4, 0x0, 0x1, 0xe0, 0x0, 0x4, 0xf4, 0x0,
    0x1e, 0x0, 0x0, 0x4, 0xf4, 0x1, 0xe0, 0x0,
    0x0, 0x4, 0xf4, 0x1e, 0x0, 0x0, 0x0, 0x4,
    0xf5, 0xe0, 0x0, 0x0, 0x0, 0x4, 0xfe, 0x0,
    0x0, 0x0, 0x0, 0x4, 0xe0, 0x0, 0x0, 0x0,
    0x0, 0x3,

    /* U+25FA "◺" */
    0x50, 0x0, 0x0, 0x0, 0x0, 0xf, 0x50, 0x0,
    0x0, 0x0, 0x0, 0xfe, 0x50, 0x0, 0x0, 0x0,
    0xf, 0x4e, 0x50, 0x0, 0x0, 0x0, 0xf1, 0x3e,
    0x50, 0x0, 0x0, 0xf, 0x10, 0x3e, 0x50, 0x0,
    0x0, 0xf1, 0x0, 0x3e, 0x50, 0x0, 0xf, 0x10,
    0x0, 0x3e, 0x50, 0x0, 0xf1, 0x0, 0x0, 0x3e,
    0x60, 0xf, 0x21, 0x11, 0x11, 0x4f, 0x60, 0xde,
    0xee, 0xee, 0xee, 0xee, 0x40,

    /* U+25FB "◻" */
    0x0, 0x0, 0x0, 0x0, 0x0, 0x1, 0xff, 0xff,
    0xff, 0xff, 0xf0, 0x1e, 0x0, 0x0, 0x0, 0xf,
    0x1, 0xe0, 0x0, 0x0, 0x0, 0xf0, 0x1e, 0x0,
    0x0, 0x0, 0xf, 0x1, 0xe0, 0x0, 0x0, 0x0,
    0xf0, 0x1e, 0x0, 0x0, 0x0, 0xf, 0x1, 0xe0,
    0x0, 0x0, 0x0, 0xf0, 0x1e, 0x0, 0x0, 0x0,
    0xf, 0x1, 0xff, 0xff, 0xff, 0xff, 0xf0,

    /* U+25FC "◼" */
    0x2, 0x22, 0x22, 0x22, 0x22, 0x2f, 0xff, 0xff,
    0xff, 0xff, 0x2f, 0xff, 0xff, 0xff, 0xff, 0x2f,
    0xff, 0xff, 0xff, 0xff, 0x2f, 0xff, 0xff, 0xff,
    0xff, 0x2f, 0xff, 0xff, 0xff, 0xff, 0x2f, 0xff,
    0xff, 0xff, 0xff, 0x2f, 0xff, 0xff, 0xff, 0xff,
    0x2f, 0xff, 0xff, 0xff, 0xff, 0x2f, 0xff, 0xff,
    0xff, 0xfe,

    /* U+25FD "◽" */
    0x3c, 0xcc, 0xcc, 0xcc, 0x84, 0xd3, 0x33, 0x33,
    0x7b, 0x4c, 0x0, 0x0, 0x4, 0xb4, 0xc0, 0x0,
    0x0, 0x4b, 0x4c, 0x0, 0x0, 0x4, 0xb4, 0xc0,
    0x0, 0x0, 0x4b, 0x4c, 0x0, 0x0, 0x4, 0xb4,
    0xff, 0xff, 0xff, 0xfb, 0x0, 0x0, 0x0, 0x0,
    0x0,

    /* U+25FE "◾" */
    0x7b, 0xbb, 0xbb, 0xbb, 0xb, 0xff, 0xff, 0xff,
    0xf1, 0xbf, 0xff, 0xff, 0xff, 0x1b, 0xff, 0xff,
    0xff, 0xf1, 0xbf, 0xff, 0xff, 0xff, 0x1b, 0xff,
    0xff, 0xff, 0xf1, 0xbf, 0xff, 0xff, 0xff, 0x1b,
    0xff, 0xff, 0xff, 0xf1, 0x0, 0x0, 0x0, 0x0,
    0x0,

    /* U+25FF "◿" */
    0x0, 0x0, 0x0, 0x0, 0x0, 0x50, 0x0, 0x0,
    0x0, 0x0, 0x6e, 0x0, 0x0, 0x0, 0x0, 0x6f,
    0xe0, 0x0, 0x0, 0x0, 0x6e, 0x4e, 0x0, 0x0,
    0x0, 0x6e, 0x21, 0xe0, 0x0, 0x0, 0x6e, 0x20,
    0x1e, 0x0, 0x0, 0x6e, 0x20, 0x1, 0xe0, 0x0,
    0x6e, 0x20, 0x0, 0x1e, 0x0, 0x6e, 0x20, 0x0,
    0x1, 0xe0, 0x6f, 0x41, 0x11, 0x11, 0x2e, 0x5e,
    0xee, 0xee, 0xee, 0xee, 0xd0,

    /* U+2713 "✓" */
    0x0, 0x0, 0x0, 0x1, 0x10, 0x0, 0x0, 0x7,
    0xf3, 0x0, 0x0, 0x5, 0xf6, 0x0, 0x0, 0x2,
    0xf9, 0x0, 0x0, 0x0, 0xcc, 0x0, 0x0, 0x20,
    0x7f, 0x20, 0x0, 0x8f, 0x3f, 0x60, 0x0, 0x6,
    0xff, 0xb0, 0x0, 0x0, 0x1f, 0xe1, 0x0, 0x0,
    0x0, 0x21, 0x0, 0x0, 0x0,

    /* U+2714 "✔" */
    0x0, 0x0, 0x0, 0x1, 0x78, 0x10, 0x0, 0x0,
    0x4, 0xef, 0x90, 0x0, 0x0, 0x4, 0xff, 0xb0,
    0x0, 0x0, 0x2, 0xef, 0xd0, 0x0, 0x8, 0x80,
    0xdf, 0xe2, 0x0, 0x4, 0xff, 0xaf, 0xf4, 0x0,
    0x0, 0x2f, 0xff, 0xf7, 0x0, 0x0, 0x0, 0xdf,
    0xfb, 0x0, 0x0, 0x0, 0x5, 0xfc, 0x10, 0x0,
    0x0, 0x0,

    /* U+2715 "✕" */
    0x13, 0x0, 0x0, 0x4, 0x9, 0xf3, 0x0, 0x5,
    0xf6, 0xc, 0xf3, 0x5, 0xfa, 0x0, 0xc, 0xf8,
    0xfa, 0x0, 0x0, 0xd, 0xfb, 0x0, 0x0, 0x6,
    0xfe, 0xf3, 0x0, 0x6, 0xfa, 0x1c, 0xf3, 0x5,
    0xfa, 0x0, 0xc, 0xf3, 0x5a, 0x0, 0x0, 0xb,
    0x30,

    /* U+2716 "✖" */
    0x0, 0x81, 0x0, 0x8, 0x10, 0xa, 0xfd, 0x10,
    0xaf, 0xd1, 0x2f, 0xff, 0xda, 0xff, 0xf6, 0x4,
    0xff, 0xff, 0xff, 0x70, 0x0, 0x4f, 0xff, 0xf8,
    0x0, 0x0, 0xaf, 0xff, 0xfd, 0x10, 0xa, 0xff,
    0xff, 0xff, 0xd1, 0x2f, 0xff, 0x74, 0xff, 0xf6,
    0x3, 0xf7, 0x0, 0x4f, 0x70, 0x0, 0x10, 0x0,
    0x1, 0x0,

    /* U+2717 "✗" */
    0x0, 0x1, 0x0, 0x7, 0x50, 0x9, 0xe0, 0xa,
    0xf4, 0x0, 0x5f, 0x69, 0xf6, 0x0, 0x0, 0xff,
    0xf9, 0x0, 0x0, 0x9, 0xfd, 0x0, 0x0, 0x1,
    0xdf, 0xe0, 0x0, 0x0, 0xbf, 0xdf, 0x70, 0x0,
    0x7f, 0xa1, 0xef, 0x10, 0x3f, 0xe1, 0x4, 0xf1,
    0xb, 0xf5, 0x0, 0x2, 0x0, 0xbb, 0x0, 0x0,
    0x0, 0x0, 0x0, 0x0, 0x0, 0x0,

    /* U+2718 "✘" */
    0x0, 0x0, 0x0, 0x0, 0x44, 0x0, 0x4a, 0x40,
    0x0, 0x5f, 0xe3, 0xa, 0xfd, 0x0, 0x5f, 0xfd,
    0x10, 0x5f, 0xfa, 0x4f, 0xfd, 0x10, 0x0, 0xef,
    0xff, 0xfe, 0x10, 0x0, 0x6, 0xff, 0xff, 0x30,
    0x0, 0x0, 0x1f, 0xff, 0xd0, 0x0, 0x0, 0xc,
    0xff, 0xff, 0x90, 0x0, 0x9, 0xff, 0xff, 0xff,
    0x60, 0x5, 0xff, 0xe2, 0xdf, 0xfe, 0x0, 0x6f,
    0xf3, 0x2, 0xfe, 0x30, 0x1, 0xa6, 0x0, 0x1,
    0x0, 0x0, 0x0, 0x0, 0x0, 0x0, 0x0, 0x0,

    /* U+FFFD "�" */
    0x0, 0x0, 0x8, 0x0, 0x0, 0x0, 0x0, 0x1c,
    0xfc, 0x10, 0x0, 0x0, 0x1d, 0xfe, 0xed, 0x10,
    0x0, 0x2b, 0x50, 0x0, 0x2a, 0x20, 0xe, 0x91,
    0x7b, 0x91, 0x1d, 0x1, 0xfd, 0xff, 0xff, 0xa0,
    0xb1, 0x1f, 0xff, 0xff, 0xfa, 0xb, 0x11, 0xff,
    0xff, 0xfe, 0x22, 0xf1, 0x1f, 0xff, 0xfe, 0x21,
    0xef, 0x11, 0xff, 0xff, 0x41, 0xef, 0xf1, 0x1f,
    0xff, 0xe0, 0x9f, 0xff, 0x11, 0xff, 0xfc, 0xc,
    0xff, 0xf1, 0x1f, 0xff, 0xd5, 0xdf, 0xff, 0x10,
    0xdf, 0xff, 0xff, 0xff, 0xd0, 0x1, 0xdf, 0xb0,
    0xbf, 0xd1, 0x0, 0x1, 0xcb, 0xb, 0xc1, 0x0,
    0x0, 0x0, 0xad, 0xa0, 0x0, 0x0, 0x0, 0x0,
    0x70, 0x0, 0x0
};


/*---------------------
 *  GLYPH DESCRIPTION
 *--------------------*/

static const lv_font_fmt_txt_glyph_dsc_t glyph_dsc[] = {
    {.bitmap_index = 0, .adv_w = 0, .box_w = 0, .box_h = 0, .ofs_x = 0, .ofs_y = 0} /* id = 0 reserved */,
    {.bitmap_index = 0, .adv_w = 173, .box_w = 0, .box_h = 0, .ofs_x = 0, .ofs_y = 0},
    {.bitmap_index = 0, .adv_w = 173, .box_w = 3, .box_h = 13, .ofs_x = 4, .ofs_y = 0},
    {.bitmap_index = 20, .adv_w = 173, .box_w = 6, .box_h = 5, .ofs_x = 2, .ofs_y = 8},
    {.bitmap_index = 35, .adv_w = 173, .box_w = 11, .box_h = 13, .ofs_x = 0, .ofs_y = 0},
    {.bitmap_index = 107, .adv_w = 173, .box_w = 9, .box_h = 17, .ofs_x = 1, .ofs_y = -3},
    {.bitmap_index = 184, .adv_w = 173, .box_w = 11, .box_h = 12, .ofs_x = 0, .ofs_y = 0},
    {.bitmap_index = 250, .adv_w = 173, .box_w = 11, .box_h = 13, .ofs_x = 0, .ofs_y = 0},
    {.bitmap_index = 322, .adv_w = 173, .box_w = 3, .box_h = 5, .ofs_x = 4, .ofs_y = 8},
    {.bitmap_index = 330, .adv_w = 173, .box_w = 5, .box_h = 16, .ofs_x = 3, .ofs_y = -2},
    {.bitmap_index = 370, .adv_w = 173, .box_w = 5, .box_h = 16, .ofs_x = 3, .ofs_y = -2},
    {.bitmap_index = 410, .adv_w = 173, .box_w = 9, .box_h = 9, .ofs_x = 1, .ofs_y = 4},
    {.bitmap_index = 451, .adv_w = 173, .box_w = 11, .box_h = 10, .ofs_x = 0, .ofs_y = 1},
    {.bitmap_index = 506, .adv_w = 173, .box_w = 4, .box_h = 6, .ofs_x = 3, .ofs_y = -2},
    {.bitmap_index = 518, .adv_w = 173, .box_w = 5, .box_h = 3, .ofs_x = 3, .ofs_y = 3},
    {.bitmap_index = 526, .adv_w = 173, .box_w = 3, .box_h = 3, .ofs_x = 4, .ofs_y = 0},
    {.bitmap_index = 531, .adv_w = 173, .box_w = 10, .box_h = 15, .ofs_x = 0, .ofs_y = -2},
    {.bitmap_index = 606, .adv_w = 173, .box_w = 9, .box_h = 13, .ofs_x = 1, .ofs_y = 0},
    {.bitmap_index = 665, .adv_w = 173, .box_w = 8, .box_h = 13, .ofs_x = 2, .ofs_y = 0},
    {.bitmap_index = 717, .adv_w = 173, .box_w = 9, .box_h = 13, .ofs_x = 1, .ofs_y = 0},
    {.bitmap_index = 776, .adv_w = 173, .box_w = 9, .box_h = 13, .ofs_x = 1, .ofs_y = 0},
    {.bitmap_index = 835, .adv_w = 173, .box_w = 10, .box_h = 13, .ofs_x = 0, .ofs_y = 0},
    {.bitmap_index = 900, .adv_w = 173, .box_w = 9, .box_h = 13, .ofs_x = 1, .ofs_y = 0},
    {.bitmap_index = 959, .adv_w = 173, .box_w = 9, .box_h = 13, .ofs_x = 1, .ofs_y = 0},
    {.bitmap_index = 1018, .adv_w = 173, .box_w = 9, .box_h = 13, .ofs_x = 1, .ofs_y = 0},
    {.bitmap_index = 1077, .adv_w = 173, .box_w = 9, .box_h = 13, .ofs_x = 1, .ofs_y = 0},
    {.bitmap_index = 1136, .adv_w = 173, .box_w = 9, .box_h = 13, .ofs_x = 1, .ofs_y = 0},
    {.bitmap_index = 1195, .adv_w = 173, .box_w = 3, .box_h = 9, .ofs_x = 4, .ofs_y = 0},
    {.bitmap_index = 1209, .adv_w = 173, .box_w = 4, .box_h = 12, .ofs_x = 3, .ofs_y = -2},
    {.bitmap_index = 1233, .adv_w = 173, .box_w = 11, .box_h = 9, .ofs_x = 0, .ofs_y = 1},
    {.bitmap_index = 1283, .adv_w = 173, .box_w = 11, .box_h = 6, .ofs_x = 0, .ofs_y = 3},
    {.bitmap_index = 1316, .adv_w = 173, .box_w = 11, .box_h = 9, .ofs_x = 0, .ofs_y = 1},
    {.bitmap_index = 1366, .adv_w = 173, .box_w = 8, .box_h = 13, .ofs_x = 2, .ofs_y = 0},
    {.bitmap_index = 1418, .adv_w = 173, .box_w = 11, .box_h = 17, .ofs_x = 0, .ofs_y = -4},
    {.bitmap_index = 1512, .adv_w = 173, .box_w = 11, .box_h = 13, .ofs_x = 0, .ofs_y = 0},
    {.bitmap_index = 1584, .adv_w = 173, .box_w = 9, .box_h = 13, .ofs_x = 1, .ofs_y = 0},
    {.bitmap_index = 1643, .adv_w = 173, .box_w = 9, .box_h = 13, .ofs_x = 1, .ofs_y = 0},
    {.bitmap_index = 1702, .adv_w = 173, .box_w = 9, .box_h = 13, .ofs_x = 1, .ofs_y = 0},
    {.bitmap_index = 1761, .adv_w = 173, .box_w = 9, .box_h = 13, .ofs_x = 1, .ofs_y = 0},
    {.bitmap_index = 1820, .adv_w = 173, .box_w = 8, .box_h = 13, .ofs_x = 2, .ofs_y = 0},
    {.bitmap_index = 1872, .adv_w = 173, .box_w = 10, .box_h = 13, .ofs_x = 0, .ofs_y = 0},
    {.bitmap_index = 1937, .adv_w = 173, .box_w = 9, .box_h = 13, .ofs_x = 1, .ofs_y = 0},
    {.bitmap_index = 1996, .adv_w = 173, .box_w = 9, .box_h = 13, .ofs_x = 1, .ofs_y = 0},
    {.bitmap_index = 2055, .adv_w = 173, .box_w = 9, .box_h = 13, .ofs_x = 0, .ofs_y = 0},
    {.bitmap_index = 2114, .adv_w = 173, .box_w = 10, .box_h = 13, .ofs_x = 1, .ofs_y = 0},
    {.bitmap_index = 2179, .adv_w = 173, .box_w = 10, .box_h = 13, .ofs_x = 1, .ofs_y = 0},
    {.bitmap_index = 2244, .adv_w = 173, .box_w = 11, .box_h = 13, .ofs_x = 0, .ofs_y = 0},
    {.bitmap_index = 2316, .adv_w = 173, .box_w = 9, .box_h = 13, .ofs_x = 1, .ofs_y = 0},
    {.bitmap_index = 2375, .adv_w = 173, .box_w = 9, .box_h = 13, .ofs_x = 1, .ofs_y = 0},
    {.bitmap_index = 2434, .adv_w = 173, .box_w = 10, .box_h = 13, .ofs_x = 1, .ofs_y = 0},
    {.bitmap_index = 2499, .adv_w = 173, .box_w = 9, .box_h = 16, .ofs_x = 1, .ofs_y = -3},
    {.bitmap_index = 2571, .adv_w = 173, .box_w = 10, .box_h = 13, .ofs_x = 1, .ofs_y = 0},
    {.bitmap_index = 2636, .adv_w = 173, .box_w = 9, .box_h = 13, .ofs_x = 1, .ofs_y = 0},
    {.bitmap_index = 2695, .adv_w = 173, .box_w = 11, .box_h = 13, .ofs_x = 0, .ofs_y = 0},
    {.bitmap_index = 2767, .adv_w = 173, .box_w = 9, .box_h = 13, .ofs_x = 1, .ofs_y = 0},
    {.bitmap_index = 2826, .adv_w = 173, .box_w = 11, .box_h = 13, .ofs_x = 0, .ofs_y = 0},
    {.bitmap_index = 2898, .adv_w = 173, .box_w = 11, .box_h = 13, .ofs_x = 0, .ofs_y = 0},
    {.bitmap_index = 2970, .adv_w = 173, .box_w = 11, .box_h = 13, .ofs_x = 0, .ofs_y = 0},
    {.bitmap_index = 3042, .adv_w = 173, .box_w = 11, .box_h = 13, .ofs_x = 0, .ofs_y = 0},
    {.bitmap_index = 3114, .adv_w = 173, .box_w = 10, .box_h = 13, .ofs_x = 1, .ofs_y = 0},
    {.bitmap_index = 3179, .adv_w = 173, .box_w = 4, .box_h = 17, .ofs_x = 4, .ofs_y = -3},
    {.bitmap_index = 3213, .adv_w = 173, .box_w = 10, .box_h = 15, .ofs_x = 0, .ofs_y = -2},
    {.bitmap_index = 3288, .adv_w = 173, .box_w = 4, .box_h = 17, .ofs_x = 3, .ofs_y = -3},
    {.bitmap_index = 3322, .adv_w = 173, .box_w = 11, .box_h = 5, .ofs_x = 0, .ofs_y = 8},
    {.bitmap_index = 3350, .adv_w = 173, .box_w = 11, .box_h = 1, .ofs_x = 0, .ofs_y = -4},
    {.bitmap_index = 3356, .adv_w = 173, .box_w = 5, .box_h = 4, .ofs_x = 2, .ofs_y = 11},
    {.bitmap_index = 3366, .adv_w = 173, .box_w = 9, .box_h = 10, .ofs_x = 1, .ofs_y = 0},
    {.bitmap_index = 3411, .adv_w = 173, .box_w = 9, .box_h = 14, .ofs_x = 1, .ofs_y = 0},
    {.bitmap_index = 3474, .adv_w = 173, .box_w = 9, .box_h = 10, .ofs_x = 1, .ofs_y = 0},
    {.bitmap_index = 3519, .adv_w = 173, .box_w = 9, .box_h = 14, .ofs_x = 1, .ofs_y = 0},
    {.bitmap_index = 3582, .adv_w = 173, .box_w = 9, .box_h = 10, .ofs_x = 1, .ofs_y = 0},
    {.bitmap_index = 3627, .adv_w = 173, .box_w = 9, .box_h = 14, .ofs_x = 1, .ofs_y = 0},
    {.bitmap_index = 3690, .adv_w = 173, .box_w = 9, .box_h = 14, .ofs_x = 1, .ofs_y = -4},
    {.bitmap_index = 3753, .adv_w = 173, .box_w = 9, .box_h = 14, .ofs_x = 1, .ofs_y = 0},
    {.bitmap_index = 3816, .adv_w = 173, .box_w = 9, .box_h = 14, .ofs_x = 1, .ofs_y = 0},
    {.bitmap_index = 3879, .adv_w = 173, .box_w = 6, .box_h = 18, .ofs_x = 1, .ofs_y = -4},
    {.bitmap_index = 3933, .adv_w = 173, .box_w = 9, .box_h = 14, .ofs_x = 2, .ofs_y = 0},
    {.bitmap_index = 3996, .adv_w = 173, .box_w = 9, .box_h = 14, .ofs_x = 1, .ofs_y = 0},
    {.bitmap_index = 4059, .adv_w = 173, .box_w = 10, .box_h = 10, .ofs_x = 0, .ofs_y = 0},
    {.bitmap_index = 4109, .adv_w = 173, .box_w = 9, .box_h = 10, .ofs_x = 1, .ofs_y = 0},
    {.bitmap_index = 4154, .adv_w = 173, .box_w = 9, .box_h = 10, .ofs_x = 1, .ofs_y = 0},
    {.bitmap_index = 4199, .adv_w = 173, .box_w = 9, .box_h = 14, .ofs_x = 1, .ofs_y = -4},
    {.bitmap_index = 4262, .adv_w = 173, .box_w = 9, .box_h = 14, .ofs_x = 1, .ofs_y = -4},
    {.bitmap_index = 4325, .adv_w = 173, .box_w = 8, .box_h = 10, .ofs_x = 3, .ofs_y = 0},
    {.bitmap_index = 4365, .adv_w = 173, .box_w = 9, .box_h = 10, .ofs_x = 1, .ofs_y = 0},
    {.bitmap_index = 4410, .adv_w = 173, .box_w = 9, .box_h = 13, .ofs_x = 1, .ofs_y = 0},
    {.bitmap_index = 4469, .adv_w = 173, .box_w = 9, .box_h = 10, .ofs_x = 1, .ofs_y = 0},
    {.bitmap_index = 4514, .adv_w = 173, .box_w = 10, .box_h = 10, .ofs_x = 0, .ofs_y = 0},
    {.bitmap_index = 4564, .adv_w = 173, .box_w = 11, .box_h = 10, .ofs_x = 0, .ofs_y = 0},
    {.bitmap_index = 4619, .adv_w = 173, .box_w = 11, .box_h = 10, .ofs_x = 0, .ofs_y = 0},
    {.bitmap_index = 4674, .adv_w = 173, .box_w = 11, .box_h = 14, .ofs_x = 0, .ofs_y = -4},
    {.bitmap_index = 4751, .adv_w = 173, .box_w = 9, .box_h = 10, .ofs_x = 1, .ofs_y = 0},
    {.bitmap_index = 4796, .adv_w = 173, .box_w = 8, .box_h = 17, .ofs_x = 1, .ofs_y = -3},
    {.bitmap_index = 4864, .adv_w = 173, .box_w = 3, .box_h = 18, .ofs_x = 4, .ofs_y = -4},
    {.bitmap_index = 4891, .adv_w = 173, .box_w = 8, .box_h = 17, .ofs_x = 1, .ofs_y = -3},
    {.bitmap_index = 4959, .adv_w = 173, .box_w = 11, .box_h = 4, .ofs_x = 0, .ofs_y = 4},
    {.bitmap_index = 4981, .adv_w = 173, .box_w = 0, .box_h = 0, .ofs_x = 0, .ofs_y = 0},
    {.bitmap_index = 4981, .adv_w = 173, .box_w = 3, .box_h = 13, .ofs_x = 4, .ofs_y = -3},
    {.bitmap_index = 5001, .adv_w = 173, .box_w = 9, .box_h = 16, .ofs_x = 1, .ofs_y = -3},
    {.bitmap_index = 5073, .adv_w = 173, .box_w = 9, .box_h = 13, .ofs_x = 1, .ofs_y = 0},
    {.bitmap_index = 5132, .adv_w = 173, .box_w = 9, .box_h = 9, .ofs_x = 1, .ofs_y = 1},
    {.bitmap_index = 5173, .adv_w = 173, .box_w = 11, .box_h = 13, .ofs_x = 0, .ofs_y = 0},
    {.bitmap_index = 5245, .adv_w = 173, .box_w = 3, .box_h = 16, .ofs_x = 4, .ofs_y = -3},
    {.bitmap_index = 5269, .adv_w = 173, .box_w = 9, .box_h = 16, .ofs_x = 1, .ofs_y = -3},
    {.bitmap_index = 5341, .adv_w = 173, .box_w = 7, .box_h = 2, .ofs_x = 2, .ofs_y = 12},
    {.bitmap_index = 5348, .adv_w = 173, .box_w = 11, .box_h = 11, .ofs_x = 0, .ofs_y = 1},
    {.bitmap_index = 5409, .adv_w = 173, .box_w = 7, .box_h = 10, .ofs_x = 2, .ofs_y = 4},
    {.bitmap_index = 5444, .adv_w = 173, .box_w = 9, .box_h = 9, .ofs_x = 1, .ofs_y = 1},
    {.bitmap_index = 5485, .adv_w = 173, .box_w = 11, .box_h = 5, .ofs_x = 0, .ofs_y = 3},
    {.bitmap_index = 5513, .adv_w = 173, .box_w = 5, .box_h = 3, .ofs_x = 3, .ofs_y = 3},
    {.bitmap_index = 5521, .adv_w = 173, .box_w = 11, .box_h = 11, .ofs_x = 0, .ofs_y = 1},
    {.bitmap_index = 5582, .adv_w = 173, .box_w = 7, .box_h = 3, .ofs_x = 2, .ofs_y = 11},
    {.bitmap_index = 5593, .adv_w = 173, .box_w = 7, .box_h = 6, .ofs_x = 2, .ofs_y = 7},
    {.bitmap_index = 5614, .adv_w = 173, .box_w = 11, .box_h = 11, .ofs_x = 0, .ofs_y = 0},
    {.bitmap_index = 5675, .adv_w = 173, .box_w = 6, .box_h = 8, .ofs_x = 2, .ofs_y = 6},
    {.bitmap_index = 5699, .adv_w = 173, .box_w = 7, .box_h = 8, .ofs_x = 2, .ofs_y = 6},
    {.bitmap_index = 5727, .adv_w = 173, .box_w = 5, .box_h = 4, .ofs_x = 4, .ofs_y = 11},
    {.bitmap_index = 5737, .adv_w = 173, .box_w = 10, .box_h = 14, .ofs_x = 1, .ofs_y = -4},
    {.bitmap_index = 5807, .adv_w = 173, .box_w = 10, .box_h = 15, .ofs_x = 0, .ofs_y = -2},
    {.bitmap_index = 5882, .adv_w = 173, .box_w = 3, .box_h = 3, .ofs_x = 4, .ofs_y = 5},
    {.bitmap_index = 5887, .adv_w = 173, .box_w = 5, .box_h = 5, .ofs_x = 3, .ofs_y = -4},
    {.bitmap_index = 5900, .adv_w = 173, .box_w = 6, .box_h = 8, .ofs_x = 3, .ofs_y = 6},
    {.bitmap_index = 5924, .adv_w = 173, .box_w = 7, .box_h = 10, .ofs_x = 2, .ofs_y = 4},
    {.bitmap_index = 5959, .adv_w = 173, .box_w = 9, .box_h = 9, .ofs_x = 1, .ofs_y = 1},
    {.bitmap_index = 6000, .adv_w = 173, .box_w = 10, .box_h = 18, .ofs_x = 0, .ofs_y = -3},
    {.bitmap_index = 6090, .adv_w = 173, .box_w = 10, .box_h = 17, .ofs_x = 0, .ofs_y = -2},
    {.bitmap_index = 6175, .adv_w = 173, .box_w = 10, .box_h = 17, .ofs_x = 0, .ofs_y = -3},
    {.bitmap_index = 6260, .adv_w = 173, .box_w = 8, .box_h = 14, .ofs_x = 1, .ofs_y = -4},
    {.bitmap_index = 6316, .adv_w = 173, .box_w = 11, .box_h = 17, .ofs_x = 0, .ofs_y = 0},
    {.bitmap_index = 6410, .adv_w = 173, .box_w = 11, .box_h = 17, .ofs_x = 0, .ofs_y = 0},
    {.bitmap_index = 6504, .adv_w = 173, .box_w = 11, .box_h = 17, .ofs_x = 0, .ofs_y = 0},
    {.bitmap_index = 6598, .adv_w = 173, .box_w = 11, .box_h = 17, .ofs_x = 0, .ofs_y = 0},
    {.bitmap_index = 6692, .adv_w = 173, .box_w = 11, .box_h = 16, .ofs_x = 0, .ofs_y = 0},
    {.bitmap_index = 6780, .adv_w = 173, .box_w = 11, .box_h = 17, .ofs_x = 0, .ofs_y = 0},
    {.bitmap_index = 6874, .adv_w = 173, .box_w = 11, .box_h = 13, .ofs_x = 0, .ofs_y = 0},
    {.bitmap_index = 6946, .adv_w = 173, .box_w = 9, .box_h = 17, .ofs_x = 1, .ofs_y = -4},
    {.bitmap_index = 7023, .adv_w = 173, .box_w = 9, .box_h = 17, .ofs_x = 1, .ofs_y = 0},
    {.bitmap_index = 7100, .adv_w = 173, .box_w = 9, .box_h = 17, .ofs_x = 1, .ofs_y = 0},
    {.bitmap_index = 7177, .adv_w = 173, .box_w = 9, .box_h = 17, .ofs_x = 1, .ofs_y = 0},
    {.bitmap_index = 7254, .adv_w = 173, .box_w = 9, .box_h = 16, .ofs_x = 1, .ofs_y = 0},
    {.bitmap_index = 7326, .adv_w = 173, .box_w = 9, .box_h = 17, .ofs_x = 1, .ofs_y = 0},
    {.bitmap_index = 7403, .adv_w = 173, .box_w = 9, .box_h = 17, .ofs_x = 1, .ofs_y = 0},
    {.bitmap_index = 7480, .adv_w = 173, .box_w = 9, .box_h = 17, .ofs_x = 1, .ofs_y = 0},
    {.bitmap_index = 7557, .adv_w = 173, .box_w = 9, .box_h = 16, .ofs_x = 1, .ofs_y = 0},
    {.bitmap_index = 7629, .adv_w = 173, .box_w = 10, .box_h = 13, .ofs_x = 0, .ofs_y = 0},
    {.bitmap_index = 7694, .adv_w = 173, .box_w = 9, .box_h = 17, .ofs_x = 1, .ofs_y = 0},
    {.bitmap_index = 7771, .adv_w = 173, .box_w = 9, .box_h = 17, .ofs_x = 1, .ofs_y = 0},
    {.bitmap_index = 7848, .adv_w = 173, .box_w = 9, .box_h = 17, .ofs_x = 1, .ofs_y = 0},
    {.bitmap_index = 7925, .adv_w = 173, .box_w = 9, .box_h = 17, .ofs_x = 1, .ofs_y = 0},
    {.bitmap_index = 8002, .adv_w = 173, .box_w = 9, .box_h = 17, .ofs_x = 1, .ofs_y = 0},
    {.bitmap_index = 8079, .adv_w = 173, .box_w = 9, .box_h = 17, .ofs_x = 1, .ofs_y = 0},
    {.bitmap_index = 8156, .adv_w = 173, .box_w = 9, .box_h = 9, .ofs_x = 1, .ofs_y = 1},
    {.bitmap_index = 8197, .adv_w = 173, .box_w = 11, .box_h = 15, .ofs_x = 0, .ofs_y = -1},
    {.bitmap_index = 8280, .adv_w = 173, .box_w = 9, .box_h = 17, .ofs_x = 1, .ofs_y = 0},
    {.bitmap_index = 8357, .adv_w = 173, .box_w = 9, .box_h = 17, .ofs_x = 1, .ofs_y = 0},
    {.bitmap_index = 8434, .adv_w = 173, .box_w = 9, .box_h = 17, .ofs_x = 1, .ofs_y = 0},
    {.bitmap_index = 8511, .adv_w = 173, .box_w = 9, .box_h = 17, .ofs_x = 1, .ofs_y = 0},
    {.bitmap_index = 8588, .adv_w = 173, .box_w = 11, .box_h = 17, .ofs_x = 0, .ofs_y = 0},
    {.bitmap_index = 8682, .adv_w = 173, .box_w = 10, .box_h = 13, .ofs_x = 1, .ofs_y = 0},
    {.bitmap_index = 8747, .adv_w = 173, .box_w = 10, .box_h = 14, .ofs_x = 1, .ofs_y = 0},
    {.bitmap_index = 8817, .adv_w = 173, .box_w = 9, .box_h = 15, .ofs_x = 1, .ofs_y = 0},
    {.bitmap_index = 8885, .adv_w = 173, .box_w = 9, .box_h = 15, .ofs_x = 1, .ofs_y = 0},
    {.bitmap_index = 8953, .adv_w = 173, .box_w = 9, .box_h = 15, .ofs_x = 1, .ofs_y = 0},
    {.bitmap_index = 9021, .adv_w = 173, .box_w = 9, .box_h = 14, .ofs_x = 1, .ofs_y = 0},
    {.bitmap_index = 9084, .adv_w = 173, .box_w = 9, .box_h = 14, .ofs_x = 1, .ofs_y = 0},
    {.bitmap_index = 9147, .adv_w = 173, .box_w = 9, .box_h = 16, .ofs_x = 1, .ofs_y = 0},
    {.bitmap_index = 9219, .adv_w = 173, .box_w = 11, .box_h = 10, .ofs_x = 0, .ofs_y = 0},
    {.bitmap_index = 9274, .adv_w = 173, .box_w = 9, .box_h = 14, .ofs_x = 1, .ofs_y = -4},
    {.bitmap_index = 9337, .adv_w = 173, .box_w = 9, .box_h = 15, .ofs_x = 1, .ofs_y = 0},
    {.bitmap_index = 9405, .adv_w = 173, .box_w = 9, .box_h = 15, .ofs_x = 1, .ofs_y = 0},
    {.bitmap_index = 9473, .adv_w = 173, .box_w = 9, .box_h = 15, .ofs_x = 1, .ofs_y = 0},
    {.bitmap_index = 9541, .adv_w = 173, .box_w = 9, .box_h = 14, .ofs_x = 1, .ofs_y = 0},
    {.bitmap_index = 9604, .adv_w = 173, .box_w = 9, .box_h = 15, .ofs_x = 1, .ofs_y = 0},
    {.bitmap_index = 9672, .adv_w = 173, .box_w = 9, .box_h = 15, .ofs_x = 1, .ofs_y = 0},
    {.bitmap_index = 9740, .adv_w = 173, .box_w = 9, .box_h = 15, .ofs_x = 1, .ofs_y = 0},
    {.bitmap_index = 9808, .adv_w = 173, .box_w = 9, .box_h = 14, .ofs_x = 1, .ofs_y = 0},
    {.bitmap_index = 9871, .adv_w = 173, .box_w = 9, .box_h = 14, .ofs_x = 1, .ofs_y = 0},
    {.bitmap_index = 9934, .adv_w = 173, .box_w = 9, .box_h = 14, .ofs_x = 1, .ofs_y = 0},
    {.bitmap_index = 9997, .adv_w = 173, .box_w = 9, .box_h = 15, .ofs_x = 1, .ofs_y = 0},
    {.bitmap_index = 10065, .adv_w = 173, .box_w = 9, .box_h = 15, .ofs_x = 1, .ofs_y = 0},
    {.bitmap_index = 10133, .adv_w = 173, .box_w = 9, .box_h = 15, .ofs_x = 1, .ofs_y = 0},
    {.bitmap_index = 10201, .adv_w = 173, .box_w = 9, .box_h = 14, .ofs_x = 1, .ofs_y = 0},
    {.bitmap_index = 10264, .adv_w = 173, .box_w = 9, .box_h = 14, .ofs_x = 1, .ofs_y = 0},
    {.bitmap_index = 10327, .adv_w = 173, .box_w = 11, .box_h = 9, .ofs_x = 0, .ofs_y = 1},
    {.bitmap_index = 10377, .adv_w = 173, .box_w = 11, .box_h = 12, .ofs_x = 0, .ofs_y = -1},
    {.bitmap_index = 10443, .adv_w = 173, .box_w = 9, .box_h = 15, .ofs_x = 1, .ofs_y = 0},
    {.bitmap_index = 10511, .adv_w = 173, .box_w = 9, .box_h = 15, .ofs_x = 1, .ofs_y = 0},
    {.bitmap_index = 10579, .adv_w = 173, .box_w = 9, .box_h = 15, .ofs_x = 1, .ofs_y = 0},
    {.bitmap_index = 10647, .adv_w = 173, .box_w = 9, .box_h = 14, .ofs_x = 1, .ofs_y = 0},
    {.bitmap_index = 10710, .adv_w = 173, .box_w = 11, .box_h = 18, .ofs_x = 0, .ofs_y = -4},
    {.bitmap_index = 10809, .adv_w = 173, .box_w = 9, .box_h = 18, .ofs_x = 1, .ofs_y = -4},
    {.bitmap_index = 10890, .adv_w = 173, .box_w = 11, .box_h = 18, .ofs_x = 0, .ofs_y = -4},
    {.bitmap_index = 10989, .adv_w = 173, .box_w = 11, .box_h = 13, .ofs_x = 0, .ofs_y = 0},
    {.bitmap_index = 11061, .adv_w = 173, .box_w = 9, .box_h = 13, .ofs_x = 1, .ofs_y = 0},
    {.bitmap_index = 11120, .adv_w = 173, .box_w = 10, .box_h = 13, .ofs_x = 1, .ofs_y = 0},
    {.bitmap_index = 11185, .adv_w = 173, .box_w = 11, .box_h = 13, .ofs_x = 0, .ofs_y = 0},
    {.bitmap_index = 11257, .adv_w = 173, .box_w = 9, .box_h = 13, .ofs_x = 1, .ofs_y = 0},
    {.bitmap_index = 11316, .adv_w = 173, .box_w = 10, .box_h = 13, .ofs_x = 1, .ofs_y = 0},
    {.bitmap_index = 11381, .adv_w = 173, .box_w = 9, .box_h = 13, .ofs_x = 1, .ofs_y = 0},
    {.bitmap_index = 11440, .adv_w = 173, .box_w = 9, .box_h = 13, .ofs_x = 1, .ofs_y = 0},
    {.bitmap_index = 11499, .adv_w = 173, .box_w = 9, .box_h = 13, .ofs_x = 1, .ofs_y = 0},
    {.bitmap_index = 11558, .adv_w = 173, .box_w = 10, .box_h = 13, .ofs_x = 1, .ofs_y = 0},
    {.bitmap_index = 11623, .adv_w = 173, .box_w = 11, .box_h = 13, .ofs_x = 0, .ofs_y = 0},
    {.bitmap_index = 11695, .adv_w = 173, .box_w = 11, .box_h = 13, .ofs_x = 0, .ofs_y = 0},
    {.bitmap_index = 11767, .adv_w = 173, .box_w = 9, .box_h = 13, .ofs_x = 1, .ofs_y = 0},
    {.bitmap_index = 11826, .adv_w = 173, .box_w = 9, .box_h = 13, .ofs_x = 1, .ofs_y = 0},
    {.bitmap_index = 11885, .adv_w = 173, .box_w = 9, .box_h = 13, .ofs_x = 1, .ofs_y = 0},
    {.bitmap_index = 11944, .adv_w = 173, .box_w = 9, .box_h = 13, .ofs_x = 1, .ofs_y = 0},
    {.bitmap_index = 12003, .adv_w = 173, .box_w = 10, .box_h = 13, .ofs_x = 1, .ofs_y = 0},
    {.bitmap_index = 12068, .adv_w = 173, .box_w = 9, .box_h = 13, .ofs_x = 1, .ofs_y = 0},
    {.bitmap_index = 12127, .adv_w = 173, .box_w = 11, .box_h = 13, .ofs_x = 0, .ofs_y = 0},
    {.bitmap_index = 12199, .adv_w = 173, .box_w = 11, .box_h = 13, .ofs_x = 0, .ofs_y = 0},
    {.bitmap_index = 12271, .adv_w = 173, .box_w = 9, .box_h = 13, .ofs_x = 1, .ofs_y = 0},
    {.bitmap_index = 12330, .adv_w = 173, .box_w = 11, .box_h = 13, .ofs_x = 0, .ofs_y = 0},
    {.bitmap_index = 12402, .adv_w = 173, .box_w = 9, .box_h = 13, .ofs_x = 1, .ofs_y = 0},
    {.bitmap_index = 12461, .adv_w = 173, .box_w = 11, .box_h = 13, .ofs_x = 0, .ofs_y = 0},
    {.bitmap_index = 12533, .adv_w = 173, .box_w = 11, .box_h = 10, .ofs_x = 0, .ofs_y = 0},
    {.bitmap_index = 12588, .adv_w = 173, .box_w = 9, .box_h = 18, .ofs_x = 1, .ofs_y = -4},
    {.bitmap_index = 12669, .adv_w = 173, .box_w = 10, .box_h = 14, .ofs_x = 0, .ofs_y = -4},
    {.bitmap_index = 12739, .adv_w = 173, .box_w = 9, .box_h = 14, .ofs_x = 1, .ofs_y = 0},
    {.bitmap_index = 12802, .adv_w = 173, .box_w = 9, .box_h = 10, .ofs_x = 1, .ofs_y = 0},
    {.bitmap_index = 12847, .adv_w = 173, .box_w = 9, .box_h = 18, .ofs_x = 1, .ofs_y = -4},
    {.bitmap_index = 12928, .adv_w = 173, .box_w = 9, .box_h = 14, .ofs_x = 1, .ofs_y = -4},
    {.bitmap_index = 12991, .adv_w = 173, .box_w = 9, .box_h = 13, .ofs_x = 1, .ofs_y = 0},
    {.bitmap_index = 13050, .adv_w = 173, .box_w = 7, .box_h = 10, .ofs_x = 2, .ofs_y = 0},
    {.bitmap_index = 13085, .adv_w = 173, .box_w = 9, .box_h = 10, .ofs_x = 2, .ofs_y = 0},
    {.bitmap_index = 13130, .adv_w = 173, .box_w = 11, .box_h = 14, .ofs_x = 0, .ofs_y = 0},
    {.bitmap_index = 13207, .adv_w = 173, .box_w = 10, .box_h = 14, .ofs_x = 1, .ofs_y = -4},
    {.bitmap_index = 13277, .adv_w = 173, .box_w = 9, .box_h = 10, .ofs_x = 1, .ofs_y = 0},
    {.bitmap_index = 13322, .adv_w = 173, .box_w = 9, .box_h = 18, .ofs_x = 1, .ofs_y = -4},
    {.bitmap_index = 13403, .adv_w = 173, .box_w = 9, .box_h = 10, .ofs_x = 1, .ofs_y = 0},
    {.bitmap_index = 13448, .adv_w = 173, .box_w = 11, .box_h = 10, .ofs_x = 0, .ofs_y = 0},
    {.bitmap_index = 13503, .adv_w = 173, .box_w = 9, .box_h = 14, .ofs_x = 1, .ofs_y = -4},
    {.bitmap_index = 13566, .adv_w = 173, .box_w = 9, .box_h = 14, .ofs_x = 1, .ofs_y = -4},
    {.bitmap_index = 13629, .adv_w = 173, .box_w = 9, .box_h = 10, .ofs_x = 1, .ofs_y = 0},
    {.bitmap_index = 13674, .adv_w = 173, .box_w = 9, .box_h = 10, .ofs_x = 1, .ofs_y = 0},
    {.bitmap_index = 13719, .adv_w = 173, .box_w = 10, .box_h = 10, .ofs_x = 0, .ofs_y = 0},
    {.bitmap_index = 13769, .adv_w = 173, .box_w = 11, .box_h = 14, .ofs_x = 0, .ofs_y = -4},
    {.bitmap_index = 13846, .adv_w = 173, .box_w = 11, .box_h = 14, .ofs_x = 0, .ofs_y = -4},
    {.bitmap_index = 13923, .adv_w = 173, .box_w = 9, .box_h = 14, .ofs_x = 1, .ofs_y = -4},
    {.bitmap_index = 13986, .adv_w = 173, .box_w = 11, .box_h = 10, .ofs_x = 0, .ofs_y = 0},
    {.bitmap_index = 14041, .adv_w = 173, .box_w = 5, .box_h = 3, .ofs_x = 3, .ofs_y = 3},
    {.bitmap_index = 14049, .adv_w = 173, .box_w = 5, .box_h = 3, .ofs_x = 3, .ofs_y = 3},
    {.bitmap_index = 14057, .adv_w = 173, .box_w = 11, .box_h = 3, .ofs_x = 0, .ofs_y = 4},
    {.bitmap_index = 14074, .adv_w = 173, .box_w = 11, .box_h = 3, .ofs_x = 0, .ofs_y = 4},
    {.bitmap_index = 14091, .adv_w = 173, .box_w = 11, .box_h = 3, .ofs_x = 0, .ofs_y = 4},
    {.bitmap_index = 14108, .adv_w = 173, .box_w = 11, .box_h = 3, .ofs_x = 0, .ofs_y = 4},
    {.bitmap_index = 14125, .adv_w = 173, .box_w = 7, .box_h = 18, .ofs_x = 2, .ofs_y = -4},
    {.bitmap_index = 14188, .adv_w = 173, .box_w = 11, .box_h = 3, .ofs_x = 0, .ofs_y = -4},
    {.bitmap_index = 14205, .adv_w = 173, .box_w = 4, .box_h = 6, .ofs_x = 4, .ofs_y = 8},
    {.bitmap_index = 14217, .adv_w = 173, .box_w = 4, .box_h = 6, .ofs_x = 4, .ofs_y = 8},
    {.bitmap_index = 14229, .adv_w = 173, .box_w = 4, .box_h = 6, .ofs_x = 3, .ofs_y = -2},
    {.bitmap_index = 14241, .adv_w = 173, .box_w = 4, .box_h = 6, .ofs_x = 4, .ofs_y = 8},
    {.bitmap_index = 14253, .adv_w = 173, .box_w = 8, .box_h = 6, .ofs_x = 1, .ofs_y = 8},
    {.bitmap_index = 14277, .adv_w = 173, .box_w = 8, .box_h = 6, .ofs_x = 1, .ofs_y = 8},
    {.bitmap_index = 14301, .adv_w = 173, .box_w = 8, .box_h = 6, .ofs_x = 1, .ofs_y = -2},
    {.bitmap_index = 14325, .adv_w = 173, .box_w = 8, .box_h = 6, .ofs_x = 1, .ofs_y = 8},
    {.bitmap_index = 14349, .adv_w = 173, .box_w = 9, .box_h = 14, .ofs_x = 1, .ofs_y = -1},
    {.bitmap_index = 14412, .adv_w = 173, .box_w = 9, .box_h = 14, .ofs_x = 1, .ofs_y = -1},
    {.bitmap_index = 14475, .adv_w = 173, .box_w = 7, .box_h = 6, .ofs_x = 2, .ofs_y = 4},
    {.bitmap_index = 14496, .adv_w = 173, .box_w = 7, .box_h = 7, .ofs_x = 2, .ofs_y = 3},
    {.bitmap_index = 14521, .adv_w = 173, .box_w = 11, .box_h = 3, .ofs_x = 0, .ofs_y = 0},
    {.bitmap_index = 14538, .adv_w = 173, .box_w = 11, .box_h = 13, .ofs_x = 0, .ofs_y = 0},
    {.bitmap_index = 14610, .adv_w = 173, .box_w = 11, .box_h = 13, .ofs_x = 0, .ofs_y = 0},
    {.bitmap_index = 14682, .adv_w = 173, .box_w = 5, .box_h = 3, .ofs_x = 3, .ofs_y = 10},
    {.bitmap_index = 14690, .adv_w = 173, .box_w = 7, .box_h = 4, .ofs_x = 2, .ofs_y = 9},
    {.bitmap_index = 14704, .adv_w = 173, .box_w = 9, .box_h = 4, .ofs_x = 1, .ofs_y = 9},
    {.bitmap_index = 14722, .adv_w = 173, .box_w = 5, .box_h = 3, .ofs_x = 3, .ofs_y = 10},
    {.bitmap_index = 14730, .adv_w = 173, .box_w = 7, .box_h = 4, .ofs_x = 2, .ofs_y = 9},
    {.bitmap_index = 14744, .adv_w = 173, .box_w = 9, .box_h = 4, .ofs_x = 1, .ofs_y = 9},
    {.bitmap_index = 14762, .adv_w = 173, .box_w = 5, .box_h = 9, .ofs_x = 3, .ofs_y = 1},
    {.bitmap_index = 14785, .adv_w = 173, .box_w = 5, .box_h = 9, .ofs_x = 3, .ofs_y = 1},
    {.bitmap_index = 14808, .adv_w = 173, .box_w = 10, .box_h = 13, .ofs_x = 0, .ofs_y = 0},
    {.bitmap_index = 14873, .adv_w = 173, .box_w = 11, .box_h = 6, .ofs_x = -1, .ofs_y = 8},
    {.bitmap_index = 14906, .adv_w = 173, .box_w = 11, .box_h = 7, .ofs_x = 0, .ofs_y = 1},
    {.bitmap_index = 14945, .adv_w = 173, .box_w = 7, .box_h = 10, .ofs_x = 2, .ofs_y = 0},
    {.bitmap_index = 14980, .adv_w = 173, .box_w = 11, .box_h = 7, .ofs_x = 0, .ofs_y = 1},
    {.bitmap_index = 15019, .adv_w = 173, .box_w = 7, .box_h = 10, .ofs_x = 2, .ofs_y = 0},
    {.bitmap_index = 15054, .adv_w = 173, .box_w = 11, .box_h = 7, .ofs_x = 0, .ofs_y = 1},
    {.bitmap_index = 15093, .adv_w = 173, .box_w = 7, .box_h = 10, .ofs_x = 2, .ofs_y = 0},
    {.bitmap_index = 15128, .adv_w = 173, .box_w = 9, .box_h = 8, .ofs_x = 1, .ofs_y = 0},
    {.bitmap_index = 15164, .adv_w = 173, .box_w = 9, .box_h = 8, .ofs_x = 1, .ofs_y = 0},
    {.bitmap_index = 15200, .adv_w = 173, .box_w = 9, .box_h = 8, .ofs_x = 1, .ofs_y = 0},
    {.bitmap_index = 15236, .adv_w = 173, .box_w = 9, .box_h = 8, .ofs_x = 1, .ofs_y = 0},
    {.bitmap_index = 15272, .adv_w = 173, .box_w = 11, .box_h = 9, .ofs_x = 0, .ofs_y = -1},
    {.bitmap_index = 15322, .adv_w = 173, .box_w = 7, .box_h = 6, .ofs_x = 2, .ofs_y = 3},
    {.bitmap_index = 15343, .adv_w = 173, .box_w = 11, .box_h = 16, .ofs_x = 0, .ofs_y = -1},
    {.bitmap_index = 15431, .adv_w = 173, .box_w = 11, .box_h = 18, .ofs_x = 0, .ofs_y = -1},
    {.bitmap_index = 15530, .adv_w = 173, .box_w = 11, .box_h = 18, .ofs_x = 0, .ofs_y = -1},
    {.bitmap_index = 15629, .adv_w = 173, .box_w = 9, .box_h = 7, .ofs_x = 1, .ofs_y = 2},
    {.bitmap_index = 15661, .adv_w = 173, .box_w = 11, .box_h = 7, .ofs_x = 0, .ofs_y = 2},
    {.bitmap_index = 15700, .adv_w = 173, .box_w = 11, .box_h = 7, .ofs_x = 0, .ofs_y = 2},
    {.bitmap_index = 15739, .adv_w = 173, .box_w = 11, .box_h = 11, .ofs_x = 0, .ofs_y = 0},
    {.bitmap_index = 15800, .adv_w = 173, .box_w = 11, .box_h = 9, .ofs_x = 0, .ofs_y = 1},
    {.bitmap_index = 15850, .adv_w = 173, .box_w = 11, .box_h = 13, .ofs_x = 0, .ofs_y = -1},
    {.bitmap_index = 15922, .adv_w = 173, .box_w = 11, .box_h = 12, .ofs_x = 0, .ofs_y = 0},
    {.bitmap_index = 15988, .adv_w = 173, .box_w = 11, .box_h = 10, .ofs_x = 0, .ofs_y = 0},
    {.bitmap_index = 16043, .adv_w = 173, .box_w = 11, .box_h = 10, .ofs_x = 0, .ofs_y = 0},
    {.bitmap_index = 16098, .adv_w = 173, .box_w = 9, .box_h = 11, .ofs_x = 1, .ofs_y = 0},
    {.bitmap_index = 16148, .adv_w = 173, .box_w = 13, .box_h = 22, .ofs_x = -1, .ofs_y = -5},
    {.bitmap_index = 16291, .adv_w = 173, .box_w = 13, .box_h = 22, .ofs_x = -1, .ofs_y = -5},
    {.bitmap_index = 16434, .adv_w = 173, .box_w = 13, .box_h = 22, .ofs_x = -1, .ofs_y = -5},
    {.bitmap_index = 16577, .adv_w = 173, .box_w = 11, .box_h = 12, .ofs_x = 0, .ofs_y = -1},
    {.bitmap_index = 16643, .adv_w = 173, .box_w = 11, .box_h = 12, .ofs_x = 0, .ofs_y = -1},
    {.bitmap_index = 16709, .adv_w = 173, .box_w = 11, .box_h = 12, .ofs_x = 0, .ofs_y = -1},
    {.bitmap_index = 16775, .adv_w = 173, .box_w = 11, .box_h = 11, .ofs_x = 0, .ofs_y = -1},
    {.bitmap_index = 16836, .adv_w = 173, .box_w = 11, .box_h = 11, .ofs_x = 0, .ofs_y = -1},
    {.bitmap_index = 16897, .adv_w = 173, .box_w = 11, .box_h = 12, .ofs_x = 0, .ofs_y = -1},
    {.bitmap_index = 16963, .adv_w = 173, .box_w = 11, .box_h = 11, .ofs_x = 0, .ofs_y = -1},
    {.bitmap_index = 17024, .adv_w = 173, .box_w = 11, .box_h = 12, .ofs_x = 0, .ofs_y = -1},
    {.bitmap_index = 17090, .adv_w = 173, .box_w = 11, .box_h = 12, .ofs_x = 0, .ofs_y = -1},
    {.bitmap_index = 17156, .adv_w = 173, .box_w = 11, .box_h = 12, .ofs_x = 0, .ofs_y = -1},
    {.bitmap_index = 17222, .adv_w = 173, .box_w = 8, .box_h = 8, .ofs_x = 1, .ofs_y = 1},
    {.bitmap_index = 17254, .adv_w = 173, .box_w = 8, .box_h = 8, .ofs_x = 1, .ofs_y = 1},
    {.bitmap_index = 17286, .adv_w = 173, .box_w = 11, .box_h = 6, .ofs_x = 0, .ofs_y = 2},
    {.bitmap_index = 17319, .adv_w = 173, .box_w = 11, .box_h = 6, .ofs_x = 0, .ofs_y = 2},
    {.bitmap_index = 17352, .adv_w = 173, .box_w = 6, .box_h = 12, .ofs_x = 2, .ofs_y = -1},
    {.bitmap_index = 17388, .adv_w = 173, .box_w = 7, .box_h = 12, .ofs_x = 2, .ofs_y = -1},
    {.bitmap_index = 17430, .adv_w = 173, .box_w = 11, .box_h = 6, .ofs_x = 0, .ofs_y = 2},
    {.bitmap_index = 17463, .adv_w = 173, .box_w = 11, .box_h = 6, .ofs_x = 0, .ofs_y = 2},
    {.bitmap_index = 17496, .adv_w = 173, .box_w = 11, .box_h = 12, .ofs_x = 0, .ofs_y = -1},
    {.bitmap_index = 17562, .adv_w = 173, .box_w = 11, .box_h = 11, .ofs_x = 0, .ofs_y = -1},
    {.bitmap_index = 17623, .adv_w = 173, .box_w = 8, .box_h = 8, .ofs_x = 1, .ofs_y = 1},
    {.bitmap_index = 17655, .adv_w = 173, .box_w = 8, .box_h = 8, .ofs_x = 1, .ofs_y = 1},
    {.bitmap_index = 17687, .adv_w = 173, .box_w = 11, .box_h = 12, .ofs_x = 0, .ofs_y = -1},
    {.bitmap_index = 17753, .adv_w = 173, .box_w = 11, .box_h = 12, .ofs_x = 0, .ofs_y = -1},
    {.bitmap_index = 17819, .adv_w = 173, .box_w = 8, .box_h = 8, .ofs_x = 1, .ofs_y = 1},
    {.bitmap_index = 17851, .adv_w = 173, .box_w = 8, .box_h = 8, .ofs_x = 1, .ofs_y = 1},
    {.bitmap_index = 17883, .adv_w = 173, .box_w = 11, .box_h = 8, .ofs_x = 0, .ofs_y = 1},
    {.bitmap_index = 17927, .adv_w = 173, .box_w = 11, .box_h = 8, .ofs_x = 0, .ofs_y = 1},
    {.bitmap_index = 17971, .adv_w = 173, .box_w = 11, .box_h = 12, .ofs_x = 0, .ofs_y = -1},
    {.bitmap_index = 18037, .adv_w = 173, .box_w = 11, .box_h = 12, .ofs_x = 0, .ofs_y = -1},
    {.bitmap_index = 18103, .adv_w = 173, .box_w = 8, .box_h = 8, .ofs_x = 1, .ofs_y = 1},
    {.bitmap_index = 18135, .adv_w = 173, .box_w = 8, .box_h = 8, .ofs_x = 1, .ofs_y = 1},
    {.bitmap_index = 18167, .adv_w = 173, .box_w = 11, .box_h = 12, .ofs_x = 0, .ofs_y = -1},
    {.bitmap_index = 18233, .adv_w = 173, .box_w = 11, .box_h = 12, .ofs_x = 0, .ofs_y = -1},
    {.bitmap_index = 18299, .adv_w = 173, .box_w = 8, .box_h = 8, .ofs_x = 1, .ofs_y = 1},
    {.bitmap_index = 18331, .adv_w = 173, .box_w = 8, .box_h = 8, .ofs_x = 1, .ofs_y = 1},
    {.bitmap_index = 18363, .adv_w = 173, .box_w = 11, .box_h = 8, .ofs_x = 0, .ofs_y = 1},
    {.bitmap_index = 18407, .adv_w = 173, .box_w = 11, .box_h = 8, .ofs_x = 0, .ofs_y = 1},
    {.bitmap_index = 18451, .adv_w = 173, .box_w = 11, .box_h = 12, .ofs_x = 0, .ofs_y = -1},
    {.bitmap_index = 18517, .adv_w = 173, .box_w = 11, .box_h = 12, .ofs_x = 0, .ofs_y = -1},
    {.bitmap_index = 18583, .adv_w = 173, .box_w = 11, .box_h = 12, .ofs_x = 0, .ofs_y = -1},
    {.bitmap_index = 18649, .adv_w = 173, .box_w = 11, .box_h = 12, .ofs_x = 0, .ofs_y = -1},
    {.bitmap_index = 18715, .adv_w = 173, .box_w = 9, .box_h = 20, .ofs_x = 1, .ofs_y = -5},
    {.bitmap_index = 18805, .adv_w = 173, .box_w = 11, .box_h = 12, .ofs_x = 0, .ofs_y = -1},
    {.bitmap_index = 18871, .adv_w = 173, .box_w = 11, .box_h = 12, .ofs_x = 0, .ofs_y = -1},
    {.bitmap_index = 18937, .adv_w = 173, .box_w = 11, .box_h = 12, .ofs_x = 0, .ofs_y = -1},
    {.bitmap_index = 19003, .adv_w = 173, .box_w = 11, .box_h = 12, .ofs_x = 0, .ofs_y = -1},
    {.bitmap_index = 19069, .adv_w = 173, .box_w = 11, .box_h = 12, .ofs_x = 0, .ofs_y = -1},
    {.bitmap_index = 19135, .adv_w = 173, .box_w = 11, .box_h = 12, .ofs_x = 0, .ofs_y = -1},
    {.bitmap_index = 19201, .adv_w = 173, .box_w = 11, .box_h = 12, .ofs_x = 0, .ofs_y = -1},
    {.bitmap_index = 19267, .adv_w = 173, .box_w = 11, .box_h = 12, .ofs_x = 0, .ofs_y = -1},
    {.bitmap_index = 19333, .adv_w = 173, .box_w = 11, .box_h = 12, .ofs_x = 0, .ofs_y = -1},
    {.bitmap_index = 19399, .adv_w = 173, .box_w = 11, .box_h = 12, .ofs_x = 0, .ofs_y = -1},
    {.bitmap_index = 19465, .adv_w = 173, .box_w = 11, .box_h = 12, .ofs_x = 0, .ofs_y = -1},
    {.bitmap_index = 19531, .adv_w = 173, .box_w = 7, .box_h = 12, .ofs_x = 2, .ofs_y = -1},
    {.bitmap_index = 19573, .adv_w = 173, .box_w = 7, .box_h = 12, .ofs_x = 2, .ofs_y = -1},
    {.bitmap_index = 19615, .adv_w = 173, .box_w = 13, .box_h = 15, .ofs_x = -1, .ofs_y = -1},
    {.bitmap_index = 19713, .adv_w = 173, .box_w = 12, .box_h = 19, .ofs_x = -1, .ofs_y = -5},
    {.bitmap_index = 19827, .adv_w = 173, .box_w = 12, .box_h = 10, .ofs_x = -1, .ofs_y = 4},
    {.bitmap_index = 19887, .adv_w = 173, .box_w = 12, .box_h = 10, .ofs_x = -1, .ofs_y = -5},
    {.bitmap_index = 19947, .adv_w = 173, .box_w = 7, .box_h = 7, .ofs_x = 2, .ofs_y = 4},
    {.bitmap_index = 19972, .adv_w = 173, .box_w = 7, .box_h = 7, .ofs_x = 2, .ofs_y = 4},
    {.bitmap_index = 19997, .adv_w = 173, .box_w = 7, .box_h = 6, .ofs_x = 2, .ofs_y = -1},
    {.bitmap_index = 20018, .adv_w = 173, .box_w = 7, .box_h = 6, .ofs_x = 2, .ofs_y = -1},
    {.bitmap_index = 20039, .adv_w = 173, .box_w = 11, .box_h = 7, .ofs_x = 0, .ofs_y = 4},
    {.bitmap_index = 20078, .adv_w = 173, .box_w = 11, .box_h = 6, .ofs_x = 0, .ofs_y = -1},
    {.bitmap_index = 20111, .adv_w = 173, .box_w = 11, .box_h = 12, .ofs_x = 0, .ofs_y = -1},
    {.bitmap_index = 20177, .adv_w = 173, .box_w = 11, .box_h = 12, .ofs_x = 0, .ofs_y = -1},
    {.bitmap_index = 20243, .adv_w = 173, .box_w = 11, .box_h = 12, .ofs_x = 0, .ofs_y = -1},
    {.bitmap_index = 20309, .adv_w = 173, .box_w = 11, .box_h = 12, .ofs_x = 0, .ofs_y = -1},
    {.bitmap_index = 20375, .adv_w = 173, .box_w = 6, .box_h = 6, .ofs_x = 3, .ofs_y = 4},
    {.bitmap_index = 20393, .adv_w = 173, .box_w = 11, .box_h = 12, .ofs_x = 0, .ofs_y = -1},
    {.bitmap_index = 20459, .adv_w = 173, .box_w = 11, .box_h = 12, .ofs_x = 0, .ofs_y = -1},
    {.bitmap_index = 20525, .adv_w = 173, .box_w = 11, .box_h = 11, .ofs_x = 0, .ofs_y = -1},
    {.bitmap_index = 20586, .adv_w = 173, .box_w = 11, .box_h = 12, .ofs_x = 0, .ofs_y = -1},
    {.bitmap_index = 20652, .adv_w = 173, .box_w = 11, .box_h = 12, .ofs_x = 0, .ofs_y = -1},
    {.bitmap_index = 20718, .adv_w = 173, .box_w = 11, .box_h = 12, .ofs_x = 0, .ofs_y = -1},
    {.bitmap_index = 20784, .adv_w = 173, .box_w = 11, .box_h = 11, .ofs_x = 0, .ofs_y = -1},
    {.bitmap_index = 20845, .adv_w = 173, .box_w = 11, .box_h = 11, .ofs_x = 0, .ofs_y = -1},
    {.bitmap_index = 20906, .adv_w = 173, .box_w = 13, .box_h = 12, .ofs_x = -1, .ofs_y = -1},
    {.bitmap_index = 20984, .adv_w = 173, .box_w = 11, .box_h = 12, .ofs_x = 0, .ofs_y = -1},
    {.bitmap_index = 21050, .adv_w = 173, .box_w = 11, .box_h = 12, .ofs_x = 0, .ofs_y = -1},
    {.bitmap_index = 21116, .adv_w = 173, .box_w = 11, .box_h = 12, .ofs_x = 0, .ofs_y = -1},
    {.bitmap_index = 21182, .adv_w = 173, .box_w = 11, .box_h = 12, .ofs_x = 0, .ofs_y = -1},
    {.bitmap_index = 21248, .adv_w = 173, .box_w = 11, .box_h = 11, .ofs_x = 0, .ofs_y = -1},
    {.bitmap_index = 21309, .adv_w = 173, .box_w = 11, .box_h = 12, .ofs_x = 0, .ofs_y = -1},
    {.bitmap_index = 21375, .adv_w = 173, .box_w = 11, .box_h = 12, .ofs_x = 0, .ofs_y = -1},
    {.bitmap_index = 21441, .adv_w = 173, .box_w = 11, .box_h = 11, .ofs_x = 0, .ofs_y = -1},
    {.bitmap_index = 21502, .adv_w = 173, .box_w = 11, .box_h = 12, .ofs_x = 0, .ofs_y = -1},
    {.bitmap_index = 21568, .adv_w = 173, .box_w = 11, .box_h = 12, .ofs_x = 0, .ofs_y = -1},
    {.bitmap_index = 21634, .adv_w = 173, .box_w = 11, .box_h = 11, .ofs_x = 0, .ofs_y = -1},
    {.bitmap_index = 21695, .adv_w = 173, .box_w = 11, .box_h = 10, .ofs_x = 0, .ofs_y = 0},
    {.bitmap_index = 21750, .adv_w = 173, .box_w = 10, .box_h = 10, .ofs_x = 0, .ofs_y = 0},
    {.bitmap_index = 21800, .adv_w = 173, .box_w = 9, .box_h = 9, .ofs_x = 1, .ofs_y = 0},
    {.bitmap_index = 21841, .adv_w = 173, .box_w = 9, .box_h = 9, .ofs_x = 1, .ofs_y = 0},
    {.bitmap_index = 21882, .adv_w = 173, .box_w = 11, .box_h = 11, .ofs_x = 0, .ofs_y = -1},
    {.bitmap_index = 21943, .adv_w = 173, .box_w = 9, .box_h = 10, .ofs_x = 1, .ofs_y = 1},
    {.bitmap_index = 21988, .adv_w = 173, .box_w = 11, .box_h = 9, .ofs_x = 0, .ofs_y = 1},
    {.bitmap_index = 22038, .adv_w = 173, .box_w = 9, .box_h = 9, .ofs_x = 1, .ofs_y = 1},
    {.bitmap_index = 22079, .adv_w = 173, .box_w = 10, .box_h = 10, .ofs_x = 0, .ofs_y = 1},
    {.bitmap_index = 22129, .adv_w = 173, .box_w = 9, .box_h = 12, .ofs_x = 1, .ofs_y = -1},
    {.bitmap_index = 22183, .adv_w = 173, .box_w = 11, .box_h = 13, .ofs_x = 0, .ofs_y = -1},
    {.bitmap_index = 22255, .adv_w = 173, .box_w = 11, .box_h = 18, .ofs_x = 0, .ofs_y = -2}
};

/*---------------------
 *  CHARACTER MAPPING
 *--------------------*/

static const uint16_t unicode_list_6[] = {
    0x0, 0xa, 0xb, 0xc, 0xd, 0xe, 0xf, 0x10,
    0x11, 0x13, 0x14, 0x86, 0xfc, 0x16a, 0x16b, 0x16c,
    0x16d, 0x16e, 0x16f, 0x170, 0x171, 0x172, 0x173, 0x18f,
    0x1f3, 0x1f4, 0x1f5, 0x1f6, 0x1f7, 0x1f8, 0x222, 0x23a,
    0x23b, 0x23c, 0x23d, 0x23e, 0x23f, 0x2dc, 0x54b, 0x54c,
    0x54d
};

static const uint16_t unicode_list_8[] = {
    0x0, 0x1, 0x2, 0x3, 0x4, 0x5, 0xd8ea
};

/*Collect the unicode lists and glyph_id offsets*/
static const lv_font_fmt_txt_cmap_t cmaps[] =
{
    {
        .range_start = 32, .range_length = 95, .glyph_id_start = 1,
        .unicode_list = NULL, .glyph_id_ofs_list = NULL, .list_length = 0, .type = LV_FONT_FMT_TXT_CMAP_FORMAT0_TINY
    },
    {
        .range_start = 160, .range_length = 96, .glyph_id_start = 96,
        .unicode_list = NULL, .glyph_id_ofs_list = NULL, .list_length = 0, .type = LV_FONT_FMT_TXT_CMAP_FORMAT0_TINY
    },
    {
        .range_start = 913, .range_length = 17, .glyph_id_start = 192,
        .unicode_list = NULL, .glyph_id_ofs_list = NULL, .list_length = 0, .type = LV_FONT_FMT_TXT_CMAP_FORMAT0_TINY
    },
    {
        .range_start = 931, .range_length = 7, .glyph_id_start = 209,
        .unicode_list = NULL, .glyph_id_ofs_list = NULL, .list_length = 0, .type = LV_FONT_FMT_TXT_CMAP_FORMAT0_TINY
    },
    {
        .range_start = 945, .range_length = 25, .glyph_id_start = 216,
        .unicode_list = NULL, .glyph_id_ofs_list = NULL, .list_length = 0, .type = LV_FONT_FMT_TXT_CMAP_FORMAT0_TINY
    },
    {
        .range_start = 8208, .range_length = 20, .glyph_id_start = 241,
        .unicode_list = NULL, .glyph_id_ofs_list = NULL, .list_length = 0, .type = LV_FONT_FMT_TXT_CMAP_FORMAT0_TINY
    },
    {
        .range_start = 8230, .range_length = 1358, .glyph_id_start = 261,
        .unicode_list = unicode_list_6, .glyph_id_ofs_list = NULL, .list_length = 41, .type = LV_FONT_FMT_TXT_CMAP_SPARSE_TINY
    },
    {
        .range_start = 9632, .range_length = 96, .glyph_id_start = 302,
        .unicode_list = NULL, .glyph_id_ofs_list = NULL, .list_length = 0, .type = LV_FONT_FMT_TXT_CMAP_FORMAT0_TINY
    },
    {
        .range_start = 10003, .range_length = 55531, .glyph_id_start = 398,
        .unicode_list = unicode_list_8, .glyph_id_ofs_list = NULL, .list_length = 7, .type = LV_FONT_FMT_TXT_CMAP_SPARSE_TINY
    }
};



/*--------------------
 *  ALL CUSTOM DATA
 *--------------------*/

/*Store all the custom data of the font*/
#if LV_VERSION_CHECK(8, 0, 0)
static const lv_font_fmt_txt_dsc_t font_dsc = {
#else
static lv_font_fmt_txt_dsc_t font_dsc = {
#endif
    .glyph_bitmap = glyph_bitmap,
    .glyph_dsc = glyph_dsc,
    .cmaps = cmaps,
    .kern_dsc = NULL,
    .kern_scale = 0,
    .cmap_num = 9,
    .bpp = 4,
    .kern_classes = 0,
    .bitmap_format = 0,
};


/*-----------------
 *  PUBLIC FONT
 *----------------*/

/*Initialize a public general font descriptor*/
#if LV_VERSION_CHECK(8, 0, 0)
const lv_font_t font_term_mono_18 = {
#else
lv_font_t font_term_mono_18 = {
#endif
    .get_glyph_dsc = lv_font_get_glyph_dsc_fmt_txt,    /*Function pointer to get glyph's data*/
    .get_glyph_bitmap = lv_font_get_bitmap_fmt_txt,    /*Function pointer to get glyph's bitmap*/
    .line_height = 22,          /*The maximum line height required by the font*/
    .base_line = 5,             /*Baseline measured from the bottom of the line*/
#if !(LVGL_VERSION_MAJOR == 6 && LVGL_VERSION_MINOR == 0)
    .subpx = LV_FONT_SUBPX_NONE,
#endif
#if LV_VERSION_CHECK(7, 4, 0) || LVGL_VERSION_MAJOR >= 8
    .underline_position = 0,
    .underline_thickness = 1,
#endif
    .static_bitmap = 1,        /*Bitmaps are const*/
    .dsc = &font_dsc,          /*The custom font data. Will be accessed by `get_glyph_bitmap/dsc` */
    .fallback = NULL,
    .user_data = NULL,
};



#endif /*#if FONT_TERM_MONO_18*/

